user_id,username,password,email,phone,role,created_at
0,schwartzchristine,*#dY2J4k%s,gregorybrooks@example.net,265.782.2726x722,admin,2024-06-26 08:42:44.080904
1,murphydonna,E%1oZhwhnZ,pameladunn@example.org,(875)833-6170,organizer,2024-07-23 09:04:49.315919
2,kara14,K0L7DdzI%s,evelynmills@example.com,(373)238-7189,user,2024-01-04 22:29:37.949148
3,kcantrell,)oOJc!SJC7,oconnormegan@example.org,+1-376-555-3947,user,2024-01-24 08:24:31.186425
4,gregoryharris,dh4SuuPf#_,garciagabriel@example.org,+1-892-809-3396x512,organizer,2024-01-29 13:20:55.501187
5,elee,k93zMXk7$1,williamssean@example.net,434-298-5446,user,2024-02-09 19:17:51.269900
6,xsoto,%)95NrGiMp,karen06@example.org,353-710-5307,user,2024-01-15 02:03:35.957882
7,christine42,$Q#YWDJof7,shawn26@example.com,+1-379-774-2387x7687,organizer,2024-05-24 15:55:09.215231
8,patricia39,JONo3Ydxn&,kennedybrian@example.org,(575)442-8928x4728,user,2024-06-02 09:29:52.497134
9,josegarcia,BAS14Vvbz_,shane19@example.com,001-516-762-8752x45509,user,2024-07-15 13:02:53.677436
10,fmitchell,FxCSsbqN_7,andrewgilbert@example.net,561.546.0316x938,user,2024-09-21 14:36:05.669079
11,wrightcathy,90lWJMhe_@,bjohnson@example.net,001-804-771-1952x5728,user,2024-02-05 04:11:58.782775
12,whartman,*z4&9qQayS,vhester@example.net,001-469-369-9677,user,2024-08-07 20:09:52.762478
13,freemanmichael,(w23nIa+o9,bradleyyates@example.net,+1-889-824-5981,user,2024-10-17 01:26:16.530027
14,gilmoretravis,)ZPanzUrn8,angelaedwards@example.net,542.943.5473,user,2024-08-17 03:49:55.412430
15,jason31,)$09hODq)l,elizabethwilliams@example.net,792.922.0564,organizer,2024-10-28 22:25:56.230481
16,mmcmahon,KS0KQgS4*z,palmerbarbara@example.net,+1-901-545-0066,admin,2024-10-25 08:28:33.545769
17,tgreene,F&fg3D_q$7,meredith56@example.org,+1-297-776-4862,user,2024-05-23 13:45:01.533913
18,briannawyatt,NJD(8LZtPh,lopezchristine@example.net,662.730.0146x42511,user,2024-02-29 20:46:30.205747
19,robertmendoza,!0Ic9yOQbh,hmorrison@example.org,001-995-820-8068x4760,user,2024-02-24 01:57:24.756260
20,christophermatthews,_pJE$Xkg#4,vincent61@example.com,(808)689-0726x0026,user,2024-02-13 15:18:22.383518
21,udoyle,KrD&bQvQ)7,rossjared@example.org,+1-657-407-6693x0443,user,2024-04-17 15:33:07.933751
22,markcoleman,*#8FP#czd7,mgeorge@example.net,329-580-1270,user,2024-03-20 02:32:33.627077
23,rprice,I#^Y3E0%Tl,anthony71@example.com,775.780.2801,user,2024-10-05 02:24:45.653277
24,martinelizabeth,52W7RZaS_+,stacyray@example.net,931.808.5808x32761,organizer,2024-10-28 11:21:53.012774
25,dcarlson,w+94z+LjLW,benjamincollins@example.com,+1-966-526-0275,admin,2024-11-05 19:03:33.480202
26,zachary58,^zqDW)w4$8,imcclain@example.org,924-773-8630,user,2024-04-23 08:46:08.594924
27,sandramartinez,&OezOVbq6Z,samantha51@example.com,(398)295-9411x379,user,2024-06-25 20:32:48.621060
28,kcarlson,&xinyMOn31,michaelaguilar@example.org,862-611-0646x1194,user,2024-09-09 10:31:37.274975
29,morganvictor,rd!8Z7^b1E,john97@example.org,+1-354-629-0088x759,user,2024-06-11 11:11:26.493611
30,leslie72,X^M0gVl+K@,matthewmonroe@example.com,234.606.4842,organizer,2024-08-24 18:42:43.509672
31,morgankevin,4*ODN4Hd@p,garciasteven@example.net,281.975.1721x66753,user,2024-06-06 01:44:11.666596
32,duffyadam,J&96X7UnF7,mcintyreanthony@example.com,780.718.4443x24914,admin,2024-11-10 09:45:19.129949
33,llandry,6&s2rTcHV$,michellejohnson@example.net,001-454-208-2095x906,user,2024-01-16 09:48:31.015937
34,campbellpatrick,(&x6AcKk&5,jwalker@example.net,714-857-1181x65299,organizer,2024-08-15 11:19:10.780903
35,vmartin,1s7RIghns&,ochoadawn@example.net,4766488839,organizer,2024-09-11 05:41:05.827849
36,brucewheeler,!td4WU(d)9,brownjustin@example.com,841-798-4428,organizer,2024-11-15 06:20:59.489913
37,alexandria06,77Hk2NDu)s,fwilson@example.com,(759)983-3025x9191,user,2024-09-07 03:07:59.776105
38,mgillespie,8EVbUleG_2,gregory28@example.com,231-684-8528,user,2024-03-09 13:33:56.226064
39,yrodriguez,$5R5Q*b%k0,qdougherty@example.com,(630)573-7139,user,2024-11-23 18:01:19.151263
40,teresagray,c#ET5yE0+q,reyesmelvin@example.com,(746)420-3540,organizer,2024-09-28 08:12:34.815577
41,frank48,*p3$DJVa0k,moyerjessica@example.com,910.620.8868x45477,organizer,2024-03-24 19:24:12.170570
42,harveykristen,)*C%5sOaoE,andersonbrianna@example.org,001-307-998-3445x1475,user,2024-02-15 11:46:12.641754
43,adammercado,&uLfFAxX3J,martinezscott@example.net,874.676.9871x91589,organizer,2024-02-21 02:36:47.997925
44,michellefloyd,#GAjXsnbT3,hollysmith@example.org,495.967.2304x984,user,2024-09-18 06:33:48.345818
45,amberclark,$@oYSIox)5,alanpope@example.com,250.404.3193,user,2024-01-10 01:07:24.341862
46,vbruce,d%7BBRBz)i,kimberlywallace@example.com,674-478-3043x267,user,2024-08-07 12:37:17.748276
47,alvarezmargaret,*h8GlmuJ+E,qzimmerman@example.com,001-912-317-5331x54705,organizer,2024-08-07 21:53:07.822033
48,zavalacraig,38ZnVo16%7,kimbrian@example.com,(984)772-0657,organizer,2024-08-08 10:43:32.000515
49,daniel15,_8ByoOQU+Y,alexandra40@example.com,+1-919-541-4045x38856,organizer,2024-05-07 19:20:43.939093
50,britter,#5H8FZGt&%,andersonsusan@example.com,993.568.9573,organizer,2024-09-12 08:00:38.884790
51,kristin42,ERSCa*8v&3,douglas18@example.com,001-320-422-8658x19147,organizer,2024-03-15 00:02:19.024029
52,benjamin54,)Vt5bQkXK3,wrightdwayne@example.org,(453)760-4828x6412,user,2024-03-12 04:43:55.320943
53,jwatkins,*Z3TN_qAJ0,wheelerdavid@example.com,351.724.9202x340,user,2024-10-16 17:50:30.680065
54,ashley53,*MPcFOttR4,hernandezeric@example.com,+1-668-830-6077x7912,admin,2024-02-10 02:04:16.511561
55,myerschris,*)4)_IaBuT,anthony25@example.net,(307)391-5898x0960,user,2024-10-30 12:33:42.708494
56,christineriddle,t8!Vd9E7(L,stephen76@example.net,2069666161,organizer,2024-09-20 03:41:13.559066
57,masseyjennifer,baL4VLqQG),elozano@example.net,667-245-9983x8304,organizer,2024-04-04 21:44:08.218551
58,williamsrichard,o%J6PVM^cm,pcampbell@example.org,001-573-998-6806x103,user,2024-10-05 18:51:52.473492
59,ruth03,X#x6Wyo8QU,fjones@example.com,001-791-519-2403x395,admin,2024-08-09 23:00:02.584437
60,lnolan,i+zq9XEs$H,xprice@example.net,001-791-676-0317x358,admin,2024-11-27 19:22:03.397832
61,wgibbs,Bg9kUJjZD_,stricklandsusan@example.com,7805276582,user,2024-01-05 22:28:00.055161
62,megan63,w5XzD680%n,pamela92@example.com,(665)201-9313x6763,user,2024-05-14 20:14:03.989701
63,martha69,PAB1qse7_5,onorris@example.com,(673)734-2675x486,organizer,2024-02-26 03:30:33.402319
64,qjones,4Az96TVcf$,olee@example.net,(283)618-0005,user,2024-10-31 10:56:39.976735
65,stacy56,^lUq(yGa&5,nathanielferguson@example.org,964.339.3546,user,2024-05-21 03:55:03.082507
66,mooreandrew,&1PgQvG0sB,justin05@example.net,988.334.0621,user,2024-01-01 23:02:22.497223
67,jonathan03,@4rABbI(5$,thomas53@example.net,+1-714-273-9436,organizer,2024-07-03 14:10:47.946525
68,mccoyelizabeth,&jGxTgVza6,moodyelijah@example.net,+1-831-549-4118x53981,organizer,2024-05-29 11:50:16.302091
69,mosslori,*8!FdmBX7u,pryan@example.net,001-709-726-2768,user,2024-05-01 04:40:14.287029
70,llove,^j_t7QfXuP,jameshunt@example.org,(920)720-0496,user,2024-02-12 07:00:10.903881
71,jillmaxwell,@6URBn49&E,amandajohnson@example.org,+1-662-492-6837,user,2024-08-01 17:36:36.791810
72,jennifer73,*Vj)Ofol7Z,susan75@example.net,001-696-400-5392x2367,user,2024-10-27 15:33:04.441679
73,lisagreen,+8Zq8zl9hz,davidmccormick@example.net,(765)812-1796x89506,user,2024-03-15 03:11:29.930396
74,thomas81,!^ATj5nC$5,bridgesdominique@example.com,(366)709-3404,admin,2024-01-29 02:31:17.267793
75,shane02,5E8R!7XilR,patrickford@example.com,001-305-910-6795x47709,user,2024-06-18 10:35:09.473300
76,devintaylor,J)uU9tCyPb,carterrobert@example.net,243.956.6931x75676,user,2024-01-02 22:21:38.810495
77,tara34,())8PjIOnU,alexandria02@example.org,(815)492-5647x0308,user,2024-04-04 04:17:37.376358
78,wileyerin,p$8NaqH3F5,ywilson@example.org,+1-368-860-4810,user,2024-01-11 12:28:00.140751
79,imcgrath,2n2A(Wl$(!,catherinemartin@example.org,566.784.1288,user,2024-10-17 21:45:36.090399
80,mcleanamanda,eLbTpESg_8,stricklandamber@example.org,(533)921-9979,admin,2024-03-27 20:28:41.373021
81,donald25,!4wXi)eR8X,milesamanda@example.com,496.698.4009,admin,2024-11-25 20:51:53.820046
82,mark74,s4Ha!DyH!E,georgebell@example.net,636-385-0519x18132,user,2024-10-25 15:08:26.473379
83,briannaharrison,Sp#1P2Jq%*,damon26@example.org,001-817-439-9614x0828,user,2024-08-09 14:53:18.883414
84,pvazquez,_TZeEnuc6P,gchristian@example.org,863-644-2235,user,2024-07-30 06:27:13.373818
85,kneal,*kXwCCwG*6,rebeccahiggins@example.net,+1-839-475-4759,user,2024-04-30 09:01:54.673521
86,matthewespinoza,@AwI0Uu2*_,mstewart@example.org,217-230-9008x0245,user,2024-06-15 19:11:54.644842
87,shamilton,LxMfn#F6!9,clinedonna@example.org,981-824-2830x862,user,2024-11-17 23:18:07.528335
88,cdonaldson,Jt35CbOYu^,petersonjose@example.com,+1-918-395-5224,user,2024-05-07 22:03:00.874364
89,mooretimothy,RA36aAlfg_,jennifer44@example.net,392.501.1381,user,2024-10-02 16:31:49.034484
90,davidgriffin,)3EzRTmpLf,hayeskelly@example.org,(825)736-3528x66311,organizer,2024-06-15 14:34:26.750031
91,sbaker,_U1whTu%O2,garzajeffrey@example.org,958.355.7421,user,2024-01-06 05:10:14.380631
92,wumegan,^KHorpy9b8,steelecarrie@example.com,(806)463-2722x09632,user,2024-07-23 17:09:12.030340
93,carlagregory,^8MAJmxI&u,pconner@example.net,5262173276,organizer,2024-10-31 20:07:33.393783
94,kstuart,^%^Mhehwx3,clarencesmall@example.com,346.687.2930,user,2024-01-01 21:57:04.746134
95,benjamin24,mnAVIRzZ@5,nancy72@example.net,285-441-8564,user,2024-08-01 18:16:58.341368
96,richard00,$$fGGl0Ps6,cduncan@example.com,+1-423-738-7822x867,user,2024-11-11 14:28:17.954515
97,huntmelanie,h&7H4_9o9C,megan09@example.net,5919972295,organizer,2024-10-06 16:44:30.642948
98,whitechristopher,#2cR@9QGAz,lauren86@example.com,+1-529-666-8672x16297,user,2024-09-10 19:43:44.360705
99,elizabethwashington,_6Q35Frm)i,kennethchan@example.com,001-481-469-1518x865,user,2024-10-19 01:51:21.064899
100,whitney14,bM)pe8pv5^,david20@example.com,001-286-593-5948x93292,user,2024-01-29 02:46:09.108108
101,ltaylor,*+YG5U1up(,zmann@example.org,+1-300-677-6974x89053,organizer,2024-07-08 20:51:19.039368
102,christopherbarr,)9fAxIb^Pk,williamkim@example.com,+1-450-289-5972x54759,admin,2024-10-24 08:06:42.718215
103,vramirez,bEqHqleq!1,hclarke@example.com,913.464.5919x267,user,2024-01-19 17:54:28.703721
104,sandra75,_u4Po(JwB6,crichardson@example.com,001-232-403-9988,user,2024-01-08 21:26:05.483582
105,anthony65,M_zfISja$8,cookemily@example.net,001-911-819-5699,user,2024-07-24 16:14:09.083489
106,mauricetorres,$8Fy9SY)3O,iwilliams@example.com,(865)559-5771,user,2024-10-31 21:23:36.643472
107,dhoward,$EW(uLt23f,andrea56@example.com,001-717-513-6880,user,2024-05-04 19:31:49.426948
108,rogersamanda,@8HZ0sSaLs,jmorgan@example.org,001-485-668-6874,user,2024-03-27 03:20:41.612577
109,brichards,hc4HFpcxZ*,allison40@example.net,+1-655-883-2871,user,2024-06-12 09:44:45.187455
110,randy77,G+0O27q%OU,karenhill@example.com,001-381-977-8822,user,2024-01-04 11:34:56.650298
111,delgadomelissa,sSCMukPF#9,bradley96@example.com,001-942-632-9468x26556,organizer,2024-01-07 05:24:13.467075
112,lrosales,%12!UWtE%v,lauracook@example.com,568.984.5556,user,2024-10-19 04:31:59.564956
113,davidmarshall,3gT@TAnG_V,angela79@example.net,(939)947-8281x5627,admin,2024-10-05 00:49:34.237096
114,lbarker,1u2JYI9nX^,ashleyprince@example.net,5267169040,user,2024-09-18 14:14:25.594034
115,whitekelly,)SX*CyL$(0,ocollins@example.net,001-501-809-1693x614,user,2024-06-05 14:30:21.357419
116,timothymartin,O0*UZ&dE+Y,tylermassey@example.net,666-507-8838x1212,organizer,2024-09-16 00:41:53.309459
117,matthew49,(K)RdvzY5I,emily48@example.org,001-436-791-2924x9021,admin,2024-10-22 08:23:35.718433
118,jennifer53,#khSNqHuI9,deborahmiller@example.net,544-588-3979x8699,user,2024-02-06 05:09:18.073941
119,melissaholmes,!&7ULdcC6$,heatherchang@example.net,282-898-7491x01166,user,2024-10-23 00:50:52.121330
120,wileycarol,xRS2BiA&E@,nathangreen@example.com,(213)771-0769,user,2024-11-04 15:59:01.492686
121,floresanne,)20MwQq7+E,henrymelissa@example.net,974.925.7557,user,2024-09-07 22:26:19.039962
122,crystal81,!09*1Qy2O+,diana57@example.org,264-879-8733,user,2024-05-17 01:55:27.247427
123,dhinton,!q4yYy^!DI,chapmanerica@example.net,+1-283-569-7263x05209,user,2024-10-04 02:39:35.362059
124,ernestscott,p8nKjr$q)P,nvasquez@example.org,9432521472,organizer,2024-07-04 05:25:44.255040
125,scampbell,7c*5r+Sq50,jorge86@example.com,001-987-454-2861x34918,user,2024-11-15 17:38:44.548680
126,clintonvillarreal,qkIgDlxx_0,jacquelinemckinney@example.net,+1-731-579-6418x42501,user,2024-07-07 19:49:06.286097
127,blevinsmichael,4a*WgzkE*J,cruzmonica@example.com,001-589-894-4827,user,2024-12-02 02:13:28.670926
128,derrick40,^nYtV_iUG0,nsims@example.org,+1-791-853-5038x830,user,2024-10-23 11:44:19.303206
129,itrujillo,MSQPgbxe*8,gallagherkari@example.com,289.290.4733x316,user,2024-10-23 06:48:27.478336
130,greertimothy,69&GK%LN^u,janet78@example.net,+1-319-326-3831x156,user,2024-05-02 09:19:50.917154
131,amanda78,_3l_&Cn(E4,jose47@example.com,374-940-6610,user,2024-03-11 04:09:14.817234
132,samuelward,6!*y7HceOg,owatkins@example.org,+1-880-912-1256,organizer,2024-09-04 21:02:37.734512
133,smithjoe,*A5A(uBY4O,bellmathew@example.net,001-234-837-3193x8584,user,2024-04-13 17:28:50.551177
134,freemaneric,Xt4y8ZEt)&,richardramsey@example.net,001-524-814-2188x5721,user,2024-01-26 05:49:28.617818
135,medinaamanda,s(1qtvR(ai,hberry@example.net,001-882-203-4161,user,2024-04-06 03:51:50.656514
136,williamjohnson,@bM#0tp160,shawnjones@example.com,737-368-2932x50921,admin,2024-06-25 13:44:11.166569
137,kathleenwarren,^2FOoXT)46,grahamsamantha@example.com,932.309.1758,user,2024-06-18 02:42:25.622576
138,josephcoleman,5(d0$GPy7Q,margaret71@example.com,001-421-751-3287,admin,2024-05-08 01:13:31.445943
139,rjackson,%3#bxGmr^0,douglasroy@example.com,629.857.6276,organizer,2024-07-07 15:56:12.163263
140,wilsoncourtney,1kBBpqeA@(,millerthomas@example.net,683-727-6524x81538,user,2024-11-17 08:32:00.485562
141,armstrongsharon,E5oFVT@n&s,scott19@example.com,(426)836-2145x767,user,2024-10-03 04:01:05.777353
142,kingmonica,Bh@3SUayLs,davidsoncassie@example.org,+1-638-495-6793x81814,organizer,2024-01-10 15:57:57.590216
143,gonzalezjoshua,6^3z_JSnj1,sjacobson@example.org,587.786.8239,organizer,2024-10-07 23:10:48.813675
144,timothy93,hFQ10Zfn_k,sandovalkrystal@example.org,211-719-9153,user,2024-11-02 06:41:22.546000
145,victoriaabbott,IeJ#lYxD%8,joshuaford@example.net,364-522-5442,user,2024-03-22 15:56:42.043036
146,underwoodandrew,HR63A2Ll*B,hsmith@example.net,+1-271-295-0160,user,2024-06-05 11:24:55.390372
147,richardeaton,Ya+EOX_s(9,brian30@example.net,001-941-232-2057x596,user,2024-08-24 07:18:35.637779
148,zbrennan,_951(AIz@!,michael03@example.net,+1-936-839-3181x268,user,2024-02-05 20:23:49.264721
149,jackie82,R5)i95Lkjp,perezjohnny@example.com,3462236862,user,2024-06-26 17:01:54.279076
150,gina38,i^8g4XKqrK,valerielopez@example.net,338-873-3140x741,user,2024-01-23 17:31:28.922022
151,lshort,@85ShFc(Oe,rdunlap@example.net,+1-974-932-8095x19664,admin,2024-07-14 22:28:41.970316
152,paynerachel,&mA6Por7Xb,mccannmichael@example.com,+1-763-552-4124x9557,user,2024-02-06 02:29:51.340096
153,martha45,2k8t36Q8#_,booneemily@example.net,+1-841-610-6616x446,organizer,2024-09-27 22:28:24.658953
154,hpeterson,8)WFO7nj+j,macdonaldjonathan@example.com,9968213073,user,2024-01-05 10:48:43.591919
155,jburns,69G$OQum$A,richard40@example.org,001-927-478-2456,user,2024-05-29 02:14:29.055907
156,rebecca45,$m$MjYon6u,smurphy@example.com,795.692.9107,user,2024-07-29 22:36:48.055674
157,brittany04,T#p(5Wmxg!,malvarado@example.net,(614)217-8036,user,2024-09-20 07:27:08.006835
158,stephaniemann,t$4)BEh(aD,mcfarlandmichael@example.org,9665553072,user,2024-11-23 22:52:18.829778
159,kmeyer,^2U4%#olod,staylor@example.org,+1-880-400-4112,user,2024-08-07 00:18:23.548280
160,austingonzales,2#KJan(x#0,charlene78@example.com,496.622.7331x4173,user,2024-10-12 23:55:23.738635
161,gilbertmichele,+V8VtaovC4,gsherman@example.net,(916)426-9587,user,2024-03-13 06:47:20.120492
162,christopher48,)sVAOOiN(9,kharper@example.com,001-261-322-3115,user,2024-07-30 19:08:27.530688
163,cindyturner,b+p1@Kjm+@,adrian70@example.net,(655)803-9909x52709,user,2024-11-29 07:36:18.326591
164,mannelizabeth,nx5QnUXf!F,heather73@example.net,560-253-0070x8837,user,2024-07-07 23:03:32.383746
165,paul61,WM5mTPSy@W,lrussell@example.org,981-926-5771x186,user,2024-09-17 05:31:04.398828
166,pamelacastillo,_1NxiNo$ge,eturner@example.com,001-870-588-3953,user,2024-07-23 11:34:33.688259
167,wyattshelia,+u_4+Vpsq&,zmcguire@example.net,402-884-2148x482,user,2024-04-14 18:05:31.788657
168,gregory40,x3y@PNLw#G,hunterjeff@example.com,001-397-440-9079x39471,admin,2024-05-10 03:10:24.885517
169,james97,4!OLFrVq&W,fowlerlinda@example.com,(865)931-3892x2684,organizer,2024-10-01 02:04:14.945175
170,ytate,A9PVP&uE$%,marcuscook@example.com,4298556598,organizer,2024-10-25 16:03:58.685009
171,ericgarcia,3_JRuChi(i,davidgutierrez@example.org,638-824-1375x6024,admin,2024-02-13 18:58:55.987035
172,thomastaylor,Wx43WKs8*%,sbaker@example.com,942.506.7534x6877,user,2024-10-09 10:09:26.003586
173,amysparks,8ad6CTJr$*,nicholaspetersen@example.com,+1-587-828-3137x995,admin,2024-03-02 14:56:34.121737
174,ruizchelsey,3DBf7HBl^$,gdean@example.com,001-491-720-7067x9707,admin,2024-05-20 10:36:01.407490
175,jamie56,V6Q6lyRC^&,gwilliamson@example.net,7286336566,user,2024-09-03 02:44:56.339323
176,ybennett,_eX@z&gux1,melinda13@example.org,277-963-2150,admin,2024-04-12 05:48:19.879567
177,zfowler,_3u0_TwuJW,stacy38@example.org,687-956-1621x6258,user,2024-05-24 03:07:45.925550
178,william29,zPNCOOIt%3,lonniedaniels@example.com,602-477-1112x31031,user,2024-02-09 06:25:40.820071
179,aprilsmith,&1ZZVTLhQF,alexandraterrell@example.com,689-359-7276x61822,organizer,2024-06-04 11:59:15.230130
180,glennmoody,l5&1Ze6&&i,bakerzachary@example.org,9873543247,user,2024-04-03 02:58:27.987533
181,james35,*54!x5QjXd,mary85@example.com,9365202878,user,2024-06-19 18:38:38.811451
182,farleytracey,(6p0jDWr!x,paul35@example.net,(771)276-6238,organizer,2024-02-21 08:14:18.976666
183,millermathew,^m4ONd(CP$,lorianderson@example.org,(816)232-2716,user,2024-07-17 12:00:01.975063
184,connie45,#8D7CthVXV,orusso@example.com,001-741-417-0539x45858,user,2024-10-03 01:35:18.997360
185,jallen,C4YLqjUg@B,heathermurillo@example.com,480.724.6984x371,organizer,2024-04-01 16:05:22.551254
186,ghughes,G2T26Hrv3+,calvinmiller@example.net,+1-229-310-3652x661,user,2024-09-28 04:28:15.403002
187,christophernelson,(HJrHeFiO8,blevinsjohn@example.com,(264)440-0323,organizer,2024-06-21 01:33:02.317229
188,hjohnson,(MbU9NDw0e,williehernandez@example.org,(523)505-6242,admin,2024-04-28 05:46:13.043828
189,christopher27,@3MNsC6gFk,hallstephanie@example.com,+1-562-478-0755x21172,user,2024-11-17 19:31:23.123931
190,brian92,lx$CDEXQ%4,brianlucas@example.org,485.253.9477x028,organizer,2024-06-17 04:57:34.147952
191,amoore,$#D3OhCA4d,frostsamuel@example.net,229-496-2020x0526,user,2024-03-11 11:11:45.299206
192,morrisonjordan,Dz$3V@Vk9l,uharding@example.org,001-791-949-8151x56740,user,2024-09-02 04:25:57.996301
193,jason59,BrLk3R_er!,becky92@example.com,+1-430-627-8814,admin,2024-05-09 02:46:27.448831
194,kaylacollins,@Bom2tLn8R,anthony67@example.net,376.679.4029x18326,user,2024-07-22 02:45:27.671383
195,josemcfarland,a1Jz%c%H_^,weberdiane@example.com,+1-310-583-0106x1983,user,2024-03-02 21:25:12.535130
196,floreselizabeth,+R!N4Ow1d6,cookmark@example.com,(584)344-3685x1113,user,2024-04-04 08:03:07.392702
197,hray,ZP+8YHkL(M,rodriguezlauren@example.com,692-580-6041x03371,organizer,2024-10-15 02:38:52.829189
198,kellygreene,BT!337ZyNL,garylee@example.com,(446)393-7083,user,2024-07-28 06:41:01.242409
199,thomasbrenda,^_Sh4PlQY&,jessicadennis@example.net,7044206305,user,2024-03-26 22:48:49.067047
200,elang,*kLGO45q4x,carlathomas@example.net,663-656-4552,user,2024-11-01 02:56:16.769962
201,imoreno,L#7AHfT1kK,tammyfranklin@example.net,(825)301-8689,user,2024-01-05 19:24:39.046984
202,alyssa91,*f4IxnJuRX,benjamin59@example.com,5264477382,user,2024-07-21 02:42:58.846817
203,umccullough,tD9KuvgXc^,jonathansmith@example.com,806-831-5061,user,2024-10-19 02:46:40.655447
204,colton92,z6d8EjvE!A,williamskathryn@example.org,651-913-1355x62104,user,2024-04-08 04:35:31.463375
205,mbrown,)!8X%Asg^1,waltersarah@example.org,254.525.3339,user,2024-04-28 14:32:09.808650
206,pdawson,#l6cE0Ad5),higginssteve@example.org,001-668-870-8381,organizer,2024-08-04 22:16:29.067694
207,laurenblevins,5q3J4Otpx^,christinesimmons@example.net,636-726-7279,user,2024-02-28 21:22:15.655022
208,michael36,#lhIO@Yj5n,ebrown@example.org,+1-541-909-2630,organizer,2024-09-30 16:25:59.504046
209,benjaminsanchez,%7(ETBwf_w,brian05@example.com,5715664128,admin,2024-07-12 00:46:03.958907
210,jacqueline18,)t^7gN^xZq,michelleschultz@example.com,+1-636-679-4593,organizer,2024-11-13 02:24:28.511920
211,josephjames,#eDpm)zNo2,lewisrebecca@example.org,(558)750-1142,user,2024-10-24 17:16:07.347733
212,daniel56,gKq9(E@r+7,jbaker@example.net,9504069004,user,2024-06-05 08:20:18.009007
213,robertbaker,BGjE7Lxv5+,eabbott@example.com,(540)905-3346,user,2024-08-07 19:12:48.368757
214,westharold,D89V^MTe%7,abrown@example.com,+1-584-665-5413x80310,user,2024-05-21 19:42:49.607954
215,katherine14,&1Gv$us8hD,igarrett@example.org,(990)406-8836x3836,admin,2024-02-15 21:27:04.158427
216,ptaylor,B()6EryX4!,charles34@example.com,001-684-379-4975x6443,user,2024-08-23 10:35:55.130835
217,brewertodd,*jYDSXamZ6,kylemiranda@example.net,(791)412-3675,user,2024-08-03 04:58:42.819232
218,rodriguezscott,%SVO1Cu98(,gardnermariah@example.com,532-257-9522,user,2024-07-19 17:02:34.661407
219,lowelaurie,+_u558WtG1,taylorgina@example.com,2237325610,user,2024-05-05 17:04:27.158130
220,kristinshepard,Q*vAt_Sn*3,afisher@example.org,(289)936-7010x902,user,2024-11-15 12:42:53.621592
221,wfitzgerald,*M4FOsqu)0,chaseneal@example.org,906-232-4341,organizer,2024-04-04 18:32:19.738781
222,sancheztimothy,#vI$E%l21&,bhenderson@example.com,+1-855-291-0654x0243,organizer,2024-03-23 08:18:29.565586
223,harperjoshua,@2JMauYwXh,dwayne03@example.org,(775)301-2371,user,2024-04-09 09:58:06.853753
224,mdavis,!4pqTWlfiY,tshah@example.org,256-361-3960,user,2024-02-06 03:00:03.399096
225,juan89,_2CB!bXqNc,youngjackson@example.org,(415)716-8761,organizer,2024-06-09 12:36:38.836571
226,hbrown,2+ElHUl0!d,gomezdavid@example.net,001-799-232-7181x55658,user,2024-11-03 16:48:03.789950
227,vconrad,(pxyQ0Hw@!,renee16@example.net,(236)704-2223x5630,admin,2024-02-03 00:11:31.385971
228,ffaulkner,$5E18zQjzT,thomasbryan@example.com,3713738378,user,2024-02-14 06:00:59.474761
229,lisa21,vE3FIma3O#,qbryant@example.com,3112819150,user,2024-05-02 12:30:56.405243
230,price,uU8Rsk7A(s,rphillips@example.net,(875)271-5033x14151,organizer,2024-06-19 06:53:58.236963
231,justingutierrez,r%8cHQVgCM,dbarnes@example.org,279.575.3683,user,2024-11-08 15:09:48.538953
232,hartmanjohn,+(TWRaa*92,richardsonjeanne@example.net,(504)730-2398,user,2024-10-22 15:57:49.695394
233,whiteheaddavid,tid5N5fl#w,aimee18@example.org,+1-627-748-4745,user,2024-05-10 00:10:11.787594
234,shanehill,)T7wFWvk*w,robertsscott@example.net,001-381-876-9654x29457,user,2024-10-29 12:48:31.089503
235,erin64,)H6Q(gyfQ8,jwyatt@example.net,433-611-4000,admin,2024-10-27 14:49:28.913758
236,morgansteven,&d9bW0@q&^,christianbarr@example.net,(768)994-0285,user,2024-08-23 19:19:14.825198
237,rfisher,xBAn%4Wd_5,michaeltorres@example.org,(854)656-0166x7662,organizer,2024-06-18 23:11:19.352081
238,cynthiawilson,^v7!18YbuZ,amanda96@example.com,+1-942-687-4779,user,2024-11-24 19:39:03.967907
239,nashmatthew,@HAw7JKA$4,lorismith@example.com,798.458.5763,user,2024-03-27 21:56:54.778821
240,sylvia68,A*1PJtZ$aL,marissakim@example.com,820.275.4760x99645,organizer,2024-04-09 09:37:01.790918
241,katieholt,e+7QtOlaLr,donald95@example.net,390-685-5161,user,2024-02-14 21:11:13.038847
242,christopher97,@ASU&scpB1,aarontaylor@example.org,001-440-424-3082x99422,user,2024-10-07 11:05:01.396817
243,franklinkevin,%1U2MX5eaa,elizabeth30@example.net,+1-404-604-6285x875,user,2024-11-27 18:08:49.835737
244,nmiller,6I5l)UiR^n,barbarastewart@example.org,+1-753-539-8474x4520,user,2024-09-15 01:57:23.976163
245,lopezsteven,$6TBZUpR2r,theresabean@example.net,564.529.5950x07274,user,2024-02-11 03:59:59.065263
246,manningolivia,2KgFGew!_4,patrick02@example.net,690-469-6834x4042,user,2024-10-03 00:28:56.719014
247,lorilynch,^8Cm1CFKdC,ramosallison@example.org,(944)641-5365x967,user,2024-04-01 10:08:40.817310
248,madison03,Q*Wo5Ctpv&,haynesfernando@example.net,2153551066,user,2024-04-11 12:44:32.757450
249,luismoore,1Zs4(Ar%u),julie11@example.net,4353961917,user,2024-04-16 07:51:47.304575
250,turnergary,K&p6Pbhm1h,ucooper@example.net,375-841-3331x530,user,2024-06-20 00:10:23.727778
251,jacob83,AP95QBxz!E,lharris@example.com,(251)525-0188x988,user,2024-03-21 04:47:26.377031
252,ryoung,^1TA&z*Gjw,leahball@example.com,+1-702-545-3125x06944,user,2024-01-14 18:04:15.987500
253,michaellewis,xVS(^4QgkR,ericlane@example.org,001-585-612-3398x0115,organizer,2024-10-22 16:51:41.183629
254,susanmartin,_vBOyS*S48,emma09@example.org,(383)707-0063,admin,2024-01-19 12:45:34.121155
255,scottmills,)KZT1EDnT+,pgibson@example.net,274-321-8790,organizer,2024-03-04 23:44:13.123451
256,lesterkatrina,(9X_cj2a51,mschultz@example.net,416-381-4841x725,user,2024-08-09 19:32:52.042349
257,bsellers,!6eK6Aul!6,xbrennan@example.com,6076148146,user,2024-01-25 09:16:12.198510
258,wilcoxmarilyn,YqHu6yT@$1,eddiepark@example.com,001-268-900-0712,user,2024-06-09 03:29:45.379255
259,jasonfisher,6J1Q^&vDS%,curtisellis@example.org,520-450-6509x68979,admin,2024-04-16 01:07:02.933922
260,johnrussell,&cOXnMO^)0,dana08@example.com,6956947202,user,2024-07-02 07:17:57.832236
261,andrewturner,7#Gguv#v)Q,sean25@example.org,(348)886-1528x21409,user,2024-08-16 09:40:47.506293
262,david04,8wDk_hNr**,eric02@example.net,736-561-7334x66115,organizer,2024-05-28 20:59:33.165130
263,paulsmith,w4M)kXFa%Y,ilozano@example.com,887-474-0710x8894,user,2024-08-17 12:37:48.985561
264,griffithsarah,$Ug4&3GkgC,johnsonanita@example.org,713-885-6022x4118,user,2024-09-04 14:03:20.967135
265,amanda55,HL49YHg$$@,baileyleah@example.org,(480)769-0150x8698,user,2024-02-02 02:49:32.865060
266,jeff33,(Mho3c6cR1,hansonkelly@example.com,5186405946,user,2024-03-15 03:59:32.757018
267,ygonzalez,u7Qu^*rX@t,nathan29@example.com,994-366-8579,user,2024-10-11 18:05:20.171068
268,umalone,Rq1oC$NaG&,matthewjohnson@example.com,281-777-5807x98930,organizer,2024-11-11 16:06:54.939733
269,david30,a(m4GE)z4h,sanchezedward@example.com,823.903.3264x171,user,2024-04-09 17:02:57.639516
270,billy96,j!2J0pww@3,bruceclayton@example.com,001-710-392-9505x90478,user,2024-01-13 13:41:06.483538
271,ehall,D*1O3Ej$3S,walkersarah@example.net,001-690-953-3572,user,2024-11-13 15:50:14.910551
272,carrdonna,d_a6QmR4WG,wrogers@example.org,(395)534-3871,user,2024-08-06 08:13:55.216982
273,glennsandra,INmJ24Mp@7,erica32@example.org,(999)515-4017,organizer,2024-02-16 21:53:34.894723
274,cpadilla,(*FNIHgm9b,andremurphy@example.org,243.252.6167,user,2024-07-27 10:57:47.864425
275,brian49,+1Sjlfla5E,ubender@example.com,575-217-3717x739,organizer,2024-02-25 05:41:38.807085
276,elizabethgreene,jv@S6Xat5n,jmoreno@example.org,576-526-6562x854,user,2024-02-13 00:56:42.852586
277,michaelflores,QukgStb6^9,james42@example.com,(258)436-4623,user,2024-10-24 16:54:10.910028
278,kaylajackson,5EsRXEnd#L,jamesanderson@example.com,(369)872-1170x1130,user,2024-05-26 16:33:03.992339
279,shannonfoster,j#5^KCf0^6,mariahmorales@example.net,(844)519-8053x459,user,2024-10-29 21:57:33.434167
280,kristicarpenter,&^&9vWdi^8,meghanboone@example.net,001-510-214-4942,organizer,2024-11-25 08:25:13.250227
281,bradleyhickman,LV9YPlETy!,daniellemiller@example.net,(946)595-4754x32323,user,2024-10-25 18:34:07.305719
282,kennedytimothy,*y0Ss7Fh_Q,bsantiago@example.net,853.574.1132,user,2024-11-01 19:14:46.445015
283,williamstara,_+5l3Jq@Q3,markwheeler@example.net,425-887-2361x55296,admin,2024-11-06 06:56:17.644360
284,christopheravila,kIAV9lFzy_,rmarshall@example.net,739.322.6453x1648,organizer,2024-02-15 04:56:51.442259
285,kelleyraymond,*N1@IlAn3e,abeck@example.net,+1-333-215-0479x7214,admin,2024-01-31 06:54:45.348235
286,mcbridechristy,A0D6ofWxa!,markphillips@example.net,386-463-5649x671,organizer,2024-01-29 19:44:14.647902
287,amanda99,j*77BhM5F+,erin16@example.com,(500)815-2741x156,user,2024-03-04 00:58:23.345377
288,jennifer00,)$2abGPcbK,boothmegan@example.net,+1-300-608-7916,user,2024-07-31 22:59:59.598808
289,vwilliams,s!&6CG7l*O,millerchristopher@example.net,001-550-416-5657x7086,user,2024-02-23 16:18:30.360013
290,connie34,_7W_l$vdBJ,trujillobethany@example.net,+1-381-283-8361,user,2024-02-06 03:41:14.165075
291,amy77,r#3I$s$()@,whitakerlaura@example.com,+1-877-808-4192x80419,organizer,2024-05-03 23:09:40.206509
292,elizabethhill,ScGl2Vxw$#,markrivera@example.net,720.220.9968x55624,user,2024-07-30 12:27:46.600558
293,poolesamantha,c8kqujUqj#,wallsdale@example.net,295.309.9397x43621,user,2024-09-02 18:18:52.568153
294,nle,*_fdA2Ft(L,sfritz@example.org,804.590.3364x07919,user,2024-01-28 05:58:17.882089
295,emilygross,ZI9^9GQuE!,vford@example.org,001-455-889-4992x10527,organizer,2024-10-23 16:34:31.433989
296,jkelly,*4svLLws@a,amber59@example.net,+1-619-902-1331x51771,user,2024-03-30 16:26:09.949760
297,charlesandrade,t3uGoIqc_@,amandakane@example.org,825-392-7960x093,user,2024-10-07 19:26:29.900389
298,schneiderteresa,rht+T+Nw^8,dominique11@example.com,001-743-979-7054x4570,user,2024-03-18 21:26:11.766726
299,timothy07,gu93ekXw*P,greg91@example.org,727.586.1483x650,user,2024-04-18 09:23:53.367797
300,tyrone00,&w01MG$srM,brianclarke@example.net,9247357102,user,2024-10-27 14:19:31.654735
301,hawkinscourtney,Um8UCvu0)!,michael59@example.org,479.424.6559x1570,user,2024-10-04 12:22:13.488710
302,qrobinson,8*0BNjhmcc,ashleydelacruz@example.com,(510)388-5665x90594,organizer,2024-03-28 06:56:18.798938
303,vsanders,yfE)8U_e!(,vgomez@example.org,467-927-5640x698,user,2024-09-19 22:55:29.603681
304,cindyhanna,@1GFmh6ozD,qgonzalez@example.org,(309)829-8346x47988,user,2024-06-22 06:26:40.567458
305,thorntonnatalie,^0%RO)tgx9,fbryant@example.com,001-821-513-1437,user,2024-11-23 23:27:38.014622
306,jesus70,5TXGozmG#l,ashleystout@example.org,448.520.2611x843,user,2024-04-21 11:52:05.222004
307,karisherman,*$%6IJxn*4,kingadam@example.org,+1-852-360-3714x8267,user,2024-09-08 13:44:48.296943
308,dobrien,P4vkjfFf_d,ebony02@example.net,+1-826-937-4212x16502,user,2024-05-29 13:15:23.927509
309,hendersonjared,#$8Cm)mrj@,steven56@example.net,426-493-2548x7394,admin,2024-01-20 08:42:48.229613
310,michelle85,Tn6P#m&z^S,james60@example.com,871.911.4909,user,2024-04-09 21:17:55.090058
311,huntanthony,TUS0q8MuO$,bobby12@example.net,611-236-7859x2398,organizer,2024-03-09 08:35:52.391307
312,michaeldavid,#x2H2ku9Fl,csnow@example.net,001-662-248-0842x86644,user,2024-05-30 05:34:33.497516
313,oochoa,)D4DueTtG!,dianaflores@example.net,+1-457-397-4109x9183,organizer,2024-06-27 20:07:03.822120
314,maryrobertson,)^Zh2N*jAS,sara86@example.net,557.311.2459,user,2024-07-15 16:32:47.961704
315,parsonsherbert,ZMN8DXIy%s,jmaldonado@example.org,257-464-2203,user,2024-11-13 18:04:06.234095
316,xcarter,2Ilcm_qk!e,mmason@example.net,234-625-4551,user,2024-05-10 07:39:21.378974
317,jenniferanderson,@lMruDd4l2,anthony63@example.net,443-466-5084x824,user,2024-03-24 12:22:27.767772
318,lunacassidy,&hNWkFqod9,dmeyer@example.com,(234)501-2051,user,2024-06-10 19:22:16.515035
319,kayla38,)n#Uo#wu&4,joycetim@example.org,5754141394,user,2024-01-18 13:13:37.668734
320,williamsronnie,l@3A#l@cqh,salazarjasmine@example.net,638.456.6554,user,2024-05-11 15:00:52.104296
321,ucannon,Ly$63INkxw,hjohnson@example.com,001-677-534-8237x3056,user,2024-09-22 16:08:56.457168
322,hudsonmackenzie,46u8Y$Oh_0,michaelarnold@example.net,772-560-4192x9904,user,2024-03-30 06:56:18.553978
323,richard68,FfjlFRnd@1,edwardwhite@example.com,386.296.5485x0100,organizer,2024-02-09 23:08:12.635384
324,maria49,9Bi$Oa@x(%,brownjeffrey@example.net,227.584.4388,organizer,2024-10-25 20:11:51.813062
325,kimsheila,$aU+ooGrI9,melissa66@example.org,(734)601-4920x65784,user,2024-04-09 02:04:53.652525
326,thomasjon,#0hRu_JbBB,stewartpatricia@example.org,+1-842-707-8782x939,user,2024-09-26 13:56:10.492251
327,hannah17,@6*4mPYoPT,torresholly@example.net,+1-765-401-0807x6429,user,2024-10-01 14:54:29.680952
328,tranpaul,*075FEYz9@,michaelpatel@example.org,001-941-573-0195,organizer,2024-05-15 06:04:06.135160
329,timothyadams,6$Ri3Wukz$,antonio66@example.com,(255)775-0093,admin,2024-10-15 17:02:58.387363
330,dbrooks,&)3AMzv#PV,timothymejia@example.org,456-907-0961x96275,user,2024-04-05 18:03:51.645773
331,maxwelljohn,8rl&uU+7&5,lopezbrian@example.org,502.962.8175,user,2024-03-10 19:25:41.609396
332,dphillips,N$4IN6sHAQ,angelacarney@example.org,(595)878-0090,user,2024-07-24 07:12:46.349101
333,tinasaunders,by)1PbI$11,christopherglover@example.org,588.632.7160x98493,user,2024-09-14 02:10:42.661737
334,chelsea60,+sc8RZzy0%,josephnguyen@example.org,(888)314-9062x3395,admin,2024-08-27 16:00:48.753156
335,james84,b91X&r$x&^,samantha04@example.org,001-884-216-1745x40150,user,2024-07-31 20:16:53.589487
336,kimberlyzamora,o4bPv9zj#S,mccarthycarl@example.org,+1-309-808-4514x02053,user,2024-01-25 19:41:04.902733
337,dpage,^19El6Wai%,richard16@example.net,877-709-1405x09430,user,2024-01-08 15:26:59.026264
338,joseph55,&10$BaKFM7,morrismichael@example.net,001-567-797-8373,user,2024-03-01 18:43:22.200363
339,bcurtis,h8bSihml^8,alvaradocharlotte@example.net,(586)955-0935x7216,admin,2024-09-22 13:16:55.812258
340,amartinez,pYYXHanB(0,rmendoza@example.com,(876)431-4225x28092,user,2024-01-25 13:45:10.026742
341,samuel20,)3tPBcii9c,charlesjohnson@example.org,929-366-1154x51185,user,2024-07-05 05:25:02.803713
342,gallen,NA51AakOr#,jesus60@example.org,+1-811-428-2485,user,2024-06-28 10:32:30.159183
343,hudsonchristopher,%w3*XDDUH&,clarkhannah@example.org,629-518-5439x9932,user,2024-10-08 22:19:21.649795
344,brian18,$zPCxZld7a,jonathanjimenez@example.com,323-691-8353,user,2024-11-05 21:08:24.730351
345,hawkinsdavid,*u_T0hp9U1,ymckee@example.net,377.956.8700x241,user,2024-05-11 23:51:57.695486
346,trevorwilson,#eUoX4lkl4,charles50@example.com,+1-933-388-3363,organizer,2024-07-05 20:06:32.106547
347,katherine08,sj7%MS*k&y,audrey66@example.net,001-564-421-3449,user,2024-04-24 11:14:52.932882
348,collinsbrett,sob5VO%fh_,omyers@example.com,452-396-4038,user,2024-08-19 21:13:11.790896
349,harrisangela,o(3R*r26K),derekcarter@example.com,816-499-0173,user,2024-09-04 00:25:40.309208
350,deborahhendrix,^EYUtcOg8h,thomas41@example.org,714-684-1467x54843,organizer,2024-02-01 02:30:40.913091
351,jamie51,((7Nf0dPfU,travis80@example.com,518-976-0577,user,2024-11-25 12:04:35.762147
352,nicole98,79lzspZr*8,ewingjustin@example.com,844.985.8752x09765,organizer,2024-09-26 08:44:43.508540
353,jgentry,^2dGVAODrx,gsims@example.net,+1-204-214-9274x236,user,2024-10-02 15:19:49.728925
354,herbertjones,RT0P+Lw8m@,druiz@example.net,(503)926-9579,user,2024-10-12 11:12:24.984994
355,georgepatricia,7Q01COlc*K,hrobinson@example.org,728-468-4490,user,2024-08-12 00:34:27.129483
356,vmiller,*$y93WalZ(,madelinemoore@example.com,685-954-4208x075,user,2024-08-18 00:21:40.414691
357,omartinez,6%6kMmMc9N,yvazquez@example.com,001-733-339-9737x17726,organizer,2024-04-26 21:58:57.021572
358,loganfields,!8TKou5T(7,millsjudy@example.net,(677)671-1603x1175,admin,2024-03-03 06:42:59.355872
359,rboone,$a4MCefdn&,anthony27@example.net,001-263-295-9717x433,user,2024-07-20 09:54:51.647728
360,lhansen,K&7KUAp5HE,douglaswilliams@example.net,273.726.0901,user,2024-10-26 21:09:53.489745
361,ramirezthomas,GN9SFKhh(1,carterjessica@example.org,(994)316-8533x90222,organizer,2024-02-17 03:07:42.142104
362,bryan88,$PT)fmsjR1,kyle37@example.org,+1-894-286-7254x43675,user,2024-09-04 01:48:30.085967
363,oflores,@6X#i1Gdg#,kyle25@example.org,387-921-1020x9549,user,2024-06-02 15:20:41.230782
364,cassandra75,Jj*4qmhh+8,edwinsandoval@example.org,2617457258,organizer,2024-07-24 04:29:08.286319
365,joseph23,IqE5aDfw%1,aking@example.com,652-831-7286x74109,user,2024-10-22 07:30:24.610254
366,robertvargas,r9E5Q@b4@h,ogordon@example.net,+1-200-919-9918x9362,organizer,2024-11-24 03:17:34.599912
367,loganmiller,j5lV+2Xp(p,nicole85@example.net,468-541-8042x94850,user,2024-04-21 04:07:46.517265
368,yharris,@h5WAePd&L,anthony76@example.com,341.899.7333x05836,organizer,2024-03-06 07:58:55.652400
369,williamsstephen,)hb5)Kz0%W,smithlisa@example.com,328-258-1364x7059,user,2024-08-28 23:27:49.700830
370,johnwilson,5+*cUiCdk7,ashley76@example.com,(590)846-8947,user,2024-12-01 12:11:33.844301
371,vegamichael,$1s$&pvf0E,griffithdylan@example.net,+1-375-719-6171x65331,organizer,2024-09-03 18:21:35.597589
372,williamskeith,@_8ALe3p!4,smithshannon@example.net,(294)473-8195x194,organizer,2024-06-04 11:58:35.483586
373,gabrielhoffman,&c9W3wky3C,irodriguez@example.com,363-905-0404x8537,user,2024-04-26 20:18:54.967921
374,cmorrison,M36+GuGG3@,nclark@example.net,818-904-8069,user,2024-01-05 18:40:03.262379
375,imiles,Y%9UO*vvBs,tiffanysims@example.org,+1-679-673-7024,user,2024-08-16 13:52:48.352819
376,xyang,*HeJaX#kt1,joneslauren@example.com,9784476129,organizer,2024-02-12 11:14:22.304002
377,stacy17,J6P*5Tw2_Y,courtney33@example.org,(223)948-1751,organizer,2024-09-15 17:26:36.900509
378,wongnicole,3#u%67Ef#q,woodwardjessica@example.com,832-290-1645,user,2024-06-20 02:27:40.236418
379,joshuamiller,)DQ&Nrzm9m,natalie72@example.com,245-438-7966x18521,user,2024-07-07 18:49:32.996316
380,davisderek,_gc*41EhB6,qward@example.net,001-374-875-4415x694,organizer,2024-08-23 07:49:28.722957
381,josephlee,7kA4MsR(&*,asoto@example.org,883.420.3289x72438,organizer,2024-01-01 16:45:32.909248
382,esexton,RlSD#Zqc*0,joseph62@example.org,001-616-693-6080x05738,user,2024-07-19 18:23:29.655443
383,mikayla91,#7xnKDc+tx,washingtonshannon@example.com,001-228-663-5982x6838,admin,2024-02-11 10:22:45.714803
384,mgonzalez,+8P@O^Z&8f,dawnboyd@example.com,001-220-925-8024x05665,user,2024-09-21 10:33:56.201884
385,brownchristopher,!*Bqa1@m1t,freynolds@example.net,737.745.7580,organizer,2024-11-03 17:00:12.442541
386,kmartin,j65R6FWkz#,rosariohannah@example.net,5596664695,user,2024-06-16 03:53:35.715487
387,wsexton,_uFnsjrHR1,shelbysmith@example.net,699-375-6293x0640,admin,2024-01-07 12:11:22.720187
388,davisanthony,_X55UHei8t,craigapril@example.com,439-869-2183x000,user,2024-04-29 23:59:17.027220
389,eugene16,!&UOLBSc@8,danielstewart@example.net,(637)461-0770x75990,user,2024-10-19 21:06:54.319068
390,blogan,ot$09Zyr*%,shane01@example.org,(795)434-3503x192,user,2024-03-01 17:31:14.782337
391,johnny35,^qkBU8vFu8,justin51@example.com,(787)463-3072x338,user,2024-08-25 09:48:21.217205
392,vfuller,+f0GFO7$i1,pamelabarry@example.org,9764481860,user,2024-04-14 21:10:30.953109
393,yvette85,1jEAu7+m)r,anitamedina@example.com,001-381-976-9486x049,user,2024-07-15 08:02:27.362818
394,kellypeters,3alYwg6v^2,deborah14@example.org,509.439.9521x43292,user,2024-06-26 03:08:16.276726
395,kimberly69,%7zK)jjepi,lindon@example.com,705-315-2264,user,2024-06-08 16:33:05.692336
396,joshuabennett,%hR(BDvdK7,nicolas87@example.org,5977601086,admin,2024-01-21 03:42:05.530109
397,melissa13,4H0Bhkr5Q(,nicholashernandez@example.org,001-993-801-9904x040,admin,2024-04-28 15:39:31.206538
398,hillcarlos,kf!37XyngJ,aaronlevy@example.com,700.281.0570x964,user,2024-09-05 12:53:19.912143
399,taylornicholas,rbg35GGi5$,phillipssara@example.com,001-555-991-4813x245,user,2024-10-31 18:41:01.785661
400,idavis,(2mO8(StY3,garrettmichele@example.org,803.354.1986x13006,user,2024-06-09 20:43:04.057403
401,linda99,BiJN4CuZF+,jodiacosta@example.com,(755)231-8948,user,2024-02-01 00:28:17.994829
402,jessicalara,!39mJvr6_(,paulshepherd@example.net,816-670-2484x00451,user,2024-05-18 13:33:47.171945
403,graychelsea,)4C)M#qj_J,timothygarcia@example.com,(293)846-4972x47962,user,2024-09-14 15:38:26.203097
404,rjohnson,(*b2Hpf8L@,emmadean@example.com,8078800053,admin,2024-05-04 03:51:24.307945
405,uwheeler,#*V2Lqekx&,thomas19@example.com,001-585-399-3452,user,2024-05-30 14:10:56.290423
406,kharris,(oWK)ny+65,hammondaudrey@example.org,746.366.3771,organizer,2024-11-06 10:09:35.125745
407,marydiaz,Q%05I8sJ1m,samantha03@example.net,298.736.4355,user,2024-03-07 02:11:48.317524
408,andrewnorton,+41q9Pbo25,guystokes@example.net,(963)244-2930x21682,user,2024-07-17 15:42:37.430511
409,qramirez,)UhiVDYgN4,thomasjohnson@example.com,001-878-237-4735,user,2024-02-18 04:22:31.722623
410,matthewmcdonald,8EAkzUuZ%f,sandra06@example.org,+1-226-338-9049x52741,user,2024-10-01 13:51:36.273049
411,maxturner,8825wJrv)$,evan69@example.com,+1-388-832-6889x94810,user,2024-02-24 08:42:57.088296
412,sanchezthomas,$T6oVgurKu,brownbrett@example.org,849.399.7900x69091,user,2024-06-01 01:36:32.573829
413,kdawson,hN18o_*sW_,david01@example.org,240.731.2352x598,user,2024-01-10 07:50:40.609507
414,lgray,x6uT(1q_$c,dawnjordan@example.net,595.547.5808x395,user,2024-01-11 22:15:53.063982
415,kclark,(LVJttp0P1,susan58@example.net,+1-750-646-5700x9804,organizer,2024-03-15 16:52:58.721462
416,whamilton,O)#o4Ud8%1,carneymelissa@example.org,(558)668-0444x661,admin,2024-04-11 23:18:43.420577
417,philip08,5BsRfUrV%d,samantha43@example.com,+1-214-360-9899x6607,user,2024-06-23 16:28:04.722184
418,yboone,1K3CaaIjd#,stephen20@example.net,904.344.5571x5892,admin,2024-06-26 14:51:05.445654
419,kristinehardy,#!4CSoc5yi,spotter@example.org,001-938-255-7807x89371,organizer,2024-04-25 04:51:22.542395
420,deborahwalker,ZR8R6Tqo%!,changchristy@example.com,(512)250-1836,user,2024-04-03 23:42:16.829186
421,farmermichael,@0tVt4Ci$9,brettbartlett@example.org,256.882.5504x9125,user,2024-05-20 00:16:13.700184
422,douglasgreen,QRb5n1JeB&,nguyenbenjamin@example.org,297.840.9003x08352,organizer,2024-03-14 13:43:04.402633
423,ppowell,HtvfuE!u%0,cjohnson@example.com,(384)337-3929x54306,user,2024-08-08 03:07:21.597222
424,tayloralan,YQ5CGDAi+@,henry70@example.net,(265)673-2419x587,user,2024-04-28 16:14:31.870315
425,larry19,@Z0__2Jt_@,matthew55@example.org,+1-626-975-7865x5070,user,2024-01-14 11:30:18.581474
426,francobrooke,Vun69*Rml@,vwalsh@example.org,693.334.4421x651,user,2024-05-20 03:08:20.088253
427,melissarobertson,n658Uh+4V@,kpace@example.net,312.727.8312,user,2024-03-28 15:24:15.984832
428,garciajoshua,C#)7vXsVOV,vclark@example.com,363.922.0126,admin,2024-09-03 02:24:49.402105
429,lsmith,QazoVVwk(5,margaret02@example.net,(736)875-8124x605,user,2024-01-19 14:43:01.226804
430,ejenkins,^2X0as#gbz,christie81@example.com,(923)456-8154,user,2024-10-04 00:23:17.257857
431,starkamanda,)9julM_lw!,marvingibson@example.net,210.858.9028x3196,organizer,2024-08-23 08:12:50.859561
432,nharris,F#(N4DyQ5*,rachel50@example.com,001-688-392-2143,user,2024-11-20 05:58:53.501857
433,vwalsh,jy)88mKx8P,noahmiller@example.net,770.303.1333x80386,user,2024-01-28 06:06:58.634891
434,rwebb,M$z9UZDj%a,cainjames@example.org,3474324002,user,2024-01-19 19:19:42.070081
435,rkelly,2N+8VlApNV,mschmidt@example.org,001-942-276-0693x8279,user,2024-05-04 08:50:26.705684
436,michelle08,57Q#dOjV*V,qburke@example.net,974-740-3714x6798,user,2024-09-04 08:05:53.617260
437,james38,czCMPb5p@0,shawn16@example.org,967-718-7341x4481,user,2024-02-15 12:35:02.543117
438,washingtonrichard,QT4mN!rz!Z,natasha04@example.com,(486)912-6783x729,admin,2024-11-05 14:13:50.703016
439,doylewendy,@vJm8oZmL6,wmartinez@example.com,001-585-712-3077,organizer,2024-06-13 06:43:59.980980
440,paulthomas,i6s!_S0_&x,mitchelljoel@example.org,614-767-8745x9882,user,2024-10-24 16:08:34.757555
441,smithdonna,1v70UMzP)y,thomaslori@example.net,622.534.6510x59474,organizer,2024-02-15 08:17:55.932961
442,sandrawhitehead,MFT719Ns*3,michelle28@example.net,(363)885-3913x9031,user,2024-03-10 01:45:10.322075
443,butlerjesus,$d%9IB&uGD,cindyramsey@example.net,804-256-1307x771,user,2024-01-08 14:40:45.975916
444,timothygibson,X^SbY9Gc_0,malonesherry@example.net,(650)461-6821,organizer,2024-04-26 19:31:43.371477
445,cummingsamanda,3ZDcE7RZ%c,fordjames@example.net,(637)816-9165x7165,user,2024-08-26 04:47:39.876534
446,barbara81,$A2jPGbR1_,xwilliams@example.org,+1-933-685-9254x996,user,2024-04-14 01:13:50.075091
447,ericajohnson,!b2%O5UwvY,zcharles@example.com,(492)752-8041x617,user,2024-01-14 12:35:31.094513
448,sabrinagriffin,bmyk7Pwv3(,webblauren@example.net,+1-773-240-0327x92847,organizer,2024-01-25 20:43:11.573506
449,bpineda,4v2xXjwF^G,jonathanallen@example.net,(558)699-7577,admin,2024-05-23 11:11:02.555025
450,dorothy68,$7J2_b_lva,popejasmine@example.net,(851)608-2741x767,user,2024-02-12 08:23:08.834622
451,robert13,)+I80ymW11,ybuchanan@example.net,(514)505-3337x428,user,2024-03-11 10:37:06.870430
452,ievans,@6evCz(h_T,obarnett@example.com,(938)626-6783,organizer,2024-03-31 11:45:48.733409
453,zimmermancarrie,J)6xOw))2n,maldonadodavid@example.org,889.230.6368,organizer,2024-06-18 12:42:11.037384
454,corey36,HT@0CUYic8,thomas11@example.net,(633)796-8428,organizer,2024-05-05 12:30:30.712322
455,michaelfisher,yNc0jHqD%w,robert27@example.org,712-517-2446,user,2024-02-18 21:49:23.513344
456,johnsonjason,+WI!Hg&9G9,bennettbrandon@example.org,509-772-4235,user,2024-02-05 05:05:21.274329
457,tracymayer,$25ZKVZlXY,amandapineda@example.net,750.262.9035,user,2024-04-25 09:46:22.365337
458,kimgregory,#0Au^X@sXI,monicaboyd@example.org,(690)384-2076,user,2024-09-12 01:23:47.603097
459,camposleonard,o_36EYdQ3X,jonesmichelle@example.net,757-997-2099,admin,2024-04-25 02:33:39.643567
460,sara82,aw4#c5Kwl&,jasonmarks@example.com,341-478-4836,user,2024-06-23 05:53:52.978962
461,elewis,Dd8kAsow@D,jennifer06@example.org,001-224-252-7208x9174,user,2024-09-25 03:06:19.960476
462,kgraves,r5Kjr!W^$k,fordheather@example.net,433.558.1545x8265,admin,2024-06-05 02:24:29.684631
463,qconrad,G2_4slLp%8,collinsvictor@example.net,335.925.6360,admin,2024-06-23 18:43:09.672722
464,bbrown,G!0Vi65icT,aaron57@example.net,852.715.6476x61960,organizer,2024-07-04 18:50:18.970990
465,ronald77,^Q3^OTz3ND,richard73@example.net,(285)713-7183,user,2024-08-09 11:12:34.631342
466,michellehuang,&pX7vis4Q5,amanda10@example.org,(960)233-2736x288,user,2024-10-12 18:25:20.538790
467,johnsontanya,e#5uwGqu5l,fosteralexandria@example.net,+1-335-618-5310x35757,organizer,2024-05-21 17:47:19.163419
468,cmartin,#D2&uoHjGC,jonesashley@example.net,220.987.8308,organizer,2024-01-10 19:10:51.114323
469,michellereynolds,)SvQ2ClfN),choihoward@example.org,834.842.5281,user,2024-09-03 17:16:24.411821
470,jamesangela,*7_4!&Mr5X,garretthenderson@example.net,+1-489-488-8887x7593,user,2024-07-18 23:21:51.476901
471,ysmith,lS$2ELSf_0,lawrenceyoung@example.com,(267)316-7830x895,user,2024-05-13 10:18:41.514060
472,lfitzpatrick,%4KMagu*T@,anthonygonzales@example.org,001-832-489-8790x13481,user,2024-05-23 01:58:12.162759
473,kenneth17,C_4EaxAPqL,bellkimberly@example.net,368-918-0781,user,2024-10-27 18:08:32.966678
474,fking,!zPlMpXJ53,gburgess@example.org,839.207.4533,user,2024-08-02 18:54:02.365705
475,johnsonmiranda,N3g9gHIhN&,amy66@example.net,657-275-0940,user,2024-04-08 20:14:24.945685
476,amy64,cu7JYMLAI$,lsilva@example.com,364-259-2161x361,user,2024-02-17 18:27:09.913380
477,hollythompson,(odWSLMtH6,samuel73@example.com,259.602.6709x14166,organizer,2024-09-30 06:26:31.616412
478,moorerobert,o3%#NYp5!j,jamesallen@example.org,+1-866-720-1428,organizer,2024-09-26 03:20:10.422854
479,justinrodriguez,2mWsJt_n#O,tdiaz@example.org,001-634-682-8561x0950,user,2024-10-24 14:18:08.389881
480,petersensandra,k_8pD3(o)k,howegeorge@example.com,557-661-1060x4465,organizer,2024-03-27 11:13:55.604798
481,ftapia,jN77Ryaem@,lbrown@example.net,+1-981-806-3328x12846,organizer,2024-10-11 04:08:47.977634
482,wroberts,FkK9fj89&2,wilsonstacy@example.org,667.969.2624x7551,admin,2024-10-11 06:24:43.783653
483,davismandy,hr_8Oaxq%x,krystal95@example.com,763-330-6903x83376,organizer,2024-10-23 06:45:19.176791
484,dixonmelanie,@X1g$*xa0(,donaldharris@example.com,(347)574-3068,user,2024-01-18 23:31:35.911139
485,adriennestuart,@7ly7ZbMu6,racheloneill@example.com,+1-237-647-9788x42893,user,2024-08-12 23:04:23.274211
486,ayoder,di6IiEVU+U,victoria00@example.net,975-596-9975x57243,admin,2024-07-11 12:07:11.299806
487,xsoto,9r(0BoAs!x,millercarrie@example.org,(550)990-5405x566,user,2024-01-22 16:32:33.391480
488,opalmer,5)0&Mh$O!D,cookjoshua@example.org,294.919.6556x7879,user,2024-11-19 15:18:40.775385
489,vlambert,)kRLypFr0s,amy10@example.com,+1-376-260-3098x2240,user,2024-05-03 07:35:31.414003
490,andrewmoore,#8KSt#!!id,brianjenkins@example.com,658-921-1517,user,2024-11-16 07:48:10.160742
491,joseph02,5x^Dp0zs+5,kcarter@example.net,+1-261-736-9856x726,organizer,2024-09-12 13:43:48.971433
492,stephen83,QmQ6HVx1$I,tammy43@example.net,001-519-973-3790x9390,admin,2024-09-20 21:43:59.228147
493,ivargas,J&5WjIcjeJ,stephanie00@example.com,887-863-3757,user,2024-07-10 18:35:30.603838
494,nathan97,*2AE8c1!On,christopherdrake@example.org,727.321.7402,user,2024-08-16 00:15:35.708218
495,smithpamela,*_31W9zbXA,brenda54@example.com,2505101915,admin,2024-05-08 08:24:26.848330
496,michellefowler,e@74Ukaaa&,roymartinez@example.com,521.819.7131x26702,user,2024-09-28 01:41:10.928644
497,gmeadows,)u&2LlNXJ5,melindacobb@example.org,+1-632-651-8322,user,2024-06-05 22:56:53.214622
498,hallmelanie,u7M8Qh+o@t,randy28@example.com,553.486.8303,user,2024-08-08 18:15:46.256223
499,david77,)y02Pxi3^e,fbond@example.net,001-828-726-2456x39526,admin,2024-06-24 07:54:09.913862
500,tomhernandez,)YQ4!1xb7%,garciadonna@example.com,+1-480-591-6339x50355,admin,2024-07-03 15:36:49.501090
501,nathanstone,R3_2Ahaz!f,melindachambers@example.org,001-238-338-4428,user,2024-08-23 16:32:31.053213
502,vparker,GcKoKz9A!4,dayjasmine@example.org,940.304.4861,user,2024-03-06 02:49:08.756348
503,kevin13,%$rF&3XwJN,hsmith@example.com,822.789.8904x7977,organizer,2024-01-29 03:15:52.714981
504,tatetammy,!shuT#jS3v,wellsbryan@example.org,5716215567,organizer,2024-03-29 07:57:24.117534
505,douglas12,o1fU_rpv+M,kylehaley@example.com,(596)523-2257x2972,user,2024-06-09 19:12:23.178105
506,robertgriffin,G8meYV#a$u,schneiderlucas@example.com,(848)325-8343,user,2024-07-13 00:23:23.721800
507,pamelamartinez,do3Mab)x^+,bradleyadrian@example.net,(811)478-5182x443,user,2024-08-18 10:59:49.293015
508,andersongreg,#kuYs2abh4,scottallen@example.net,6305406217,user,2024-05-11 16:05:18.348068
509,margaret39,^WJ8o0wP@$,teresasmith@example.net,(601)561-7075,user,2024-10-28 22:33:53.711244
510,tylercastillo,0x6neIOr+&,qgutierrez@example.org,001-838-830-3556x24619,admin,2024-01-09 01:18:19.559540
511,william93,k7!K$5Xwx6,josephbarr@example.com,(812)592-1671x53105,organizer,2024-08-18 06:50:43.134942
512,joansoto,!708^@Td!8,jonesjennifer@example.net,2906286326,user,2024-03-08 12:34:28.376062
513,steven40,hP^i95NuWE,hamiltonchristine@example.org,+1-571-974-6898x555,user,2024-07-16 20:48:41.789910
514,andrewdickson,3x8XqRre!7,carlpeterson@example.net,+1-747-455-7760x886,user,2024-07-05 10:30:08.076766
515,vrogers,e#Q6ah&!&4,zharrison@example.org,+1-741-242-3156x0797,user,2024-07-16 06:15:21.097063
516,andre28,@bR#rJfU+3,vking@example.com,863-685-2952,user,2024-01-23 21:02:04.642536
517,ngilmore,Ys7Rk)o**@,timothybrewer@example.net,9598567243,user,2024-08-27 20:34:31.399950
518,kim96,m32HKHwi^&,zscott@example.org,001-533-278-5157,user,2024-05-09 22:12:33.753161
519,lopezluis,$40M*E$j)k,arroyodiane@example.net,662.269.8249x2740,user,2024-09-09 11:32:36.101240
520,crossjohn,+LHwpz2&J6,robertsbenjamin@example.org,001-824-828-3742,user,2024-05-20 00:27:37.359673
521,ronald03,^9ep2Scb^C,jennifergrant@example.com,714.763.6944x68375,user,2024-09-17 00:23:57.741496
522,gonzalezbrenda,E7IqDu%G*x,kari01@example.com,+1-352-982-8469x29588,organizer,2024-01-23 19:10:21.780688
523,hojoshua,ESH2R6wph(,dylanharris@example.com,001-294-616-0792x62016,user,2024-10-14 03:15:54.926779
524,wmonroe,%Hu0Xouuvd,sarahhansen@example.com,001-938-986-8328x095,admin,2024-04-04 10:09:45.899646
525,floresangelica,#Aa6xsIe%G,christinahall@example.org,433-366-8627x1809,organizer,2024-06-19 00:44:49.167173
526,cruzkimberly,3xL2HJFI^9,ahubbard@example.org,+1-918-202-0726x31158,organizer,2024-09-25 18:41:50.074016
527,dortiz,G(2ONA2r8^,udavis@example.com,(754)627-4737x3339,admin,2024-04-17 01:13:50.655789
528,michaelrussell,&stQWqm02c,cynthiawilliams@example.org,346.723.8992x3220,user,2024-03-04 16:59:12.531994
529,robertsalejandro,^1rWLYip1v,jessica54@example.net,+1-236-262-2911x19238,user,2024-09-15 13:28:57.106832
530,amandajackson,$_846^6a9C,hallkatelyn@example.net,702.481.8272x829,organizer,2024-10-05 11:49:31.404191
531,steve16,3QF(1Qo4&8,edward72@example.org,001-747-422-6054,organizer,2024-04-09 12:34:01.973902
532,stephanie00,E)7ewJ3nfF,zwilson@example.net,2408507151,user,2024-04-29 19:44:14.447763
533,jeremy79,2FGBC#jd)W,ohawkins@example.org,362.815.2392x259,organizer,2024-03-22 03:32:11.908490
534,sanfordstacey,8Phc6MzXj_,patrickbell@example.org,8645498399,admin,2024-10-18 02:43:26.880858
535,tamara88,L*J*8t4h*3,maryphillips@example.net,001-256-871-4068x26101,user,2024-03-26 12:01:12.997728
536,patrickjohnson,qwB1VN!d&7,tgrimes@example.net,001-292-415-7503x4861,user,2024-04-16 07:01:18.237811
537,bonnie14,^ip4KsincJ,bbauer@example.net,001-238-920-7897,user,2024-08-22 10:20:00.500586
538,andrewcurtis,J$z7Yr8*(+,mcphersonalison@example.org,439.580.7008x65234,user,2024-07-11 13:10:18.627310
539,lidavid,%2#__+vBB5,kinggary@example.org,001-826-919-6838,organizer,2024-11-02 23:29:11.469459
540,deannaadams,*5216sVdZ!,moralesdavid@example.com,(853)989-3545,user,2024-10-21 19:25:34.123783
541,williamsmeagan,(NkZ67Gq_@,grahamroy@example.com,(497)476-4622x17201,user,2024-08-03 20:16:36.876074
542,vjohnson,)9P!RuhsaZ,jasonmartin@example.net,(902)282-1632x61915,user,2024-05-27 17:07:38.458977
543,gbrown,AjUY4eVJn(,peter80@example.net,(224)692-8434,user,2024-02-27 17:18:10.740644
544,shannonrivera,3o4Xdv&0j#,srobinson@example.com,(336)244-5334x0153,user,2024-06-04 10:00:39.677478
545,fhester,*$^eNVezO4,epayne@example.net,001-689-236-8537,user,2024-11-08 02:32:34.779003
546,vazquezeric,*!gTb*$d+3,aaronhall@example.net,596-667-9419x120,user,2024-08-21 06:16:50.784354
547,josephharris,$YCTpZb$c0,woodssabrina@example.org,5125466412,admin,2024-10-09 12:42:24.050800
548,smithjamie,V&2rOOOi+&,barkerheidi@example.com,(545)812-0898x3585,user,2024-08-30 22:12:39.072101
549,fcantu,olKR9QYq&$,jamiewalker@example.com,781.872.9144x1051,user,2024-04-04 02:43:27.921612
550,paul93,!%i7AiNu4%,denisejones@example.org,819-335-8268x017,user,2024-11-14 06:37:51.447476
551,brendaarnold,W$8zA5%n4y,tammy84@example.com,6528448155,user,2024-02-11 03:52:48.088057
552,vcunningham,j%7W$XxU2T,kramerzachary@example.org,001-433-775-1139x30935,admin,2024-03-21 22:24:38.455506
553,kyoung,pknUKlvU*8,xbarnett@example.com,+1-542-434-5921x624,user,2024-04-11 17:10:47.919991
554,garciadaniel,$^9uaRQMgv,michelle51@example.com,+1-937-889-9236,user,2024-09-14 14:27:25.322235
555,michele48,X+2fRxfF^B,samantha93@example.org,541.228.6949,organizer,2024-08-28 16:29:27.156744
556,wmorton,9o18K3rc@C,lopezdavid@example.org,(680)665-6954,user,2024-11-15 15:03:34.445400
557,vjackson,r^k#0Nv0&C,crystalsmith@example.org,+1-689-721-0379x1143,user,2024-04-18 10:47:08.757407
558,jessicahopkins,8@8n3KluTW,zamoraelizabeth@example.org,534.551.1110x011,user,2024-08-03 21:07:56.520010
559,leefaith,0o5e1Tx5*W,weberjason@example.org,+1-228-330-1611,organizer,2024-10-28 16:49:39.802124
560,valdezkathy,$Bxt9$Gg1y,gabriel60@example.org,216-699-7441,user,2024-10-14 00:28:04.155075
561,jimenezmichael,o&3BsqcO*1,harrisonjohn@example.org,+1-977-283-2118x4581,user,2024-01-09 11:41:34.254215
562,ariana15,qP7YFz&j*@,martinkatelyn@example.com,001-778-536-1365x83464,organizer,2024-10-24 06:10:02.558149
563,jennifergray,#L6!OYwf@e,bturner@example.org,001-674-302-2860x14826,user,2024-07-14 07:54:52.248782
564,zpace,$evN89By)G,matthew73@example.net,2283082085,organizer,2024-09-27 13:54:46.812308
565,jerry11,#n(Hd&wdE7,mwilliams@example.com,+1-319-455-2185,admin,2024-04-15 23:20:04.174191
566,uclark,0wBToFQb+G,rebeccamartinez@example.com,(398)355-2195,admin,2024-06-09 23:21:28.688605
567,daniel65,$)7ImoIG4e,deborahmurray@example.com,276.893.4608,user,2024-10-17 03:39:05.705973
568,mendezangela,@@gSY2AyU9,bethgarcia@example.org,+1-916-693-8777x3565,user,2024-02-08 10:18:03.139523
569,autumnhudson,fx^74IjWMH,arellanobelinda@example.com,+1-557-295-2676x7579,organizer,2024-06-27 17:47:29.600680
570,rdavis,hNq5KyHQ)),mmccarthy@example.net,+1-896-683-2457x005,user,2024-01-25 16:50:36.492166
571,jclements,^qgXNFt#81,uparker@example.org,001-433-439-9725x70362,user,2024-02-21 14:11:29.279051
572,ecrawford,*F1(&PvCYN,benjamin17@example.org,651-688-8168,user,2024-09-12 09:47:28.965337
573,willisjames,l3RlfAgD^n,omontgomery@example.com,001-786-371-4534x95132,organizer,2024-11-21 17:18:14.349697
574,michellegarza,@n5GV6o9+9,tgonzalez@example.org,362.695.6382x24293,user,2024-01-11 21:08:42.454512
575,stephanie55,iV_aoCz%_2,huntermelissa@example.com,001-247-703-5049,user,2024-08-06 20:07:22.435251
576,randyking,3SgFqRJy$3,marywiggins@example.net,375.382.6084,user,2024-05-05 12:34:58.117269
577,rhodesjohn,&^O5G4!(r5,langdenise@example.com,+1-452-710-7140x02852,user,2024-05-15 06:47:09.261909
578,rlong,$8GtM%9Ilj,kyoung@example.org,+1-849-493-4319x6846,user,2024-07-06 01:43:24.048753
579,hamiltonjeremy,b#8lXLm8&i,ryan46@example.org,655-531-7702,user,2024-06-01 21:41:15.555149
580,amber28,G_I2A6_c0B,sotonancy@example.com,+1-596-488-9983x310,organizer,2024-06-23 22:59:40.686181
581,jessica58,m&2C^Oymo9,codykramer@example.org,763-732-2985x94324,organizer,2024-02-29 08:58:48.384929
582,marisa98,Jn)L1yNg&A,diazmegan@example.org,001-817-309-2951,user,2024-11-11 15:20:21.437758
583,matthewgreen,(FPl3bajv7,rtucker@example.net,658-297-3609,organizer,2024-03-02 05:14:22.225489
584,andreajones,d9PAVGek)L,smithkristin@example.com,(889)848-1126x3299,organizer,2024-07-07 07:04:03.603081
585,jonathan64,#f9P7zVl79,omarshall@example.net,949.346.1087x16063,user,2024-10-11 13:00:24.460724
586,glennrodriguez,$9ALnzONu4,craigwilson@example.net,001-844-234-5841x504,user,2024-07-12 06:24:14.785132
587,fmanning,%q9_rCIk&k,williamfranklin@example.org,001-799-643-6300x920,user,2024-08-05 19:55:51.601884
588,robertsmeredith,(5R(x9Itdd,urivera@example.com,(832)831-9809x69747,user,2024-06-08 14:23:56.466796
589,graceadams,@#kZ1*TjMC,laurenhampton@example.org,968.569.1127x843,user,2024-04-13 00:54:37.084457
590,laurariggs,#axV^iyw54,jill80@example.org,+1-471-398-6114x284,user,2024-07-09 03:44:24.735071
591,cwalter,7C@op8)z^n,brandyweaver@example.org,(236)415-4975,organizer,2024-03-06 08:03:40.340204
592,chavezemily,+#8M(unJ6S,philiprodgers@example.org,(798)775-7546,user,2024-01-18 20:57:02.495830
593,gonzalezanthony,)(0rR0jYpZ,ythomas@example.org,944.888.8231x345,user,2024-05-07 03:28:12.973781
594,jsanders,(4F7XoLR1s,hamiltonjenny@example.net,720.792.3997,user,2024-09-15 11:45:08.415635
595,whitestephanie,m*9VfPcVXC,nsolis@example.com,732.795.7600x0260,user,2024-09-08 07:19:27.764142
596,amy69,)8AAuUOUJL,kevin12@example.net,001-728-746-7269,organizer,2024-01-28 20:58:05.889412
597,brittney90,$8pKRkOXFw,wwilson@example.net,367-646-6143,organizer,2024-08-19 17:15:46.853003
598,marthamyers,ui2DKgOz!0,wjones@example.org,917-233-2398x56199,user,2024-03-05 07:34:50.030931
599,christinecampbell,&YcN9UCajy,smithkristina@example.net,632-729-7861,user,2024-07-26 05:43:18.616133
600,brianwilliams,t#6qG2)kfx,drakejames@example.org,417.786.0908x6671,user,2024-06-17 04:16:29.501935
601,elizabethtucker,sz3(3C7kS^,krauselindsay@example.net,(946)499-1401x420,organizer,2024-09-26 05:35:26.723029
602,christopher26,#hS8NXrNGN,johnsondesiree@example.net,809-355-3382x50461,user,2024-08-03 01:18:03.089738
603,smithtimothy,&(D^W8p_x1,antonio69@example.org,+1-333-456-3343,organizer,2024-06-30 06:01:00.908894
604,becky04,$0g%__TpP+,jonesmelissa@example.org,+1-287-312-0830x62365,organizer,2024-06-05 20:50:10.098228
605,danielsrichard,dbEHMw0c#2,christineyoder@example.org,308.232.5550x108,user,2024-11-25 14:37:30.690585
606,ballveronica,*6fgCPau#F,phillipsmichael@example.net,001-748-871-8359,admin,2024-01-06 05:08:03.751361
607,anguyen,#da6Jp7xTl,desiree88@example.com,568.403.9893,user,2024-01-25 16:49:06.351686
608,heathergarcia,mFe#2DmhJA,hughesbrian@example.org,(397)536-3796x5120,admin,2024-06-26 11:22:58.481954
609,julia40,@7*Wvqz)vd,jonmueller@example.com,623.910.1921x601,user,2024-10-31 22:59:03.771392
610,chamberskevin,1$e87Cky&&,nlee@example.org,001-692-999-1715,user,2024-06-24 07:12:54.311968
611,reedmichael,yl12R3Doy#,stephanie62@example.com,535.918.8111,user,2024-03-21 08:25:48.993035
612,noahwhite,_f964tCgw9,brooksmichael@example.org,758.845.5533x353,user,2024-05-29 09:40:34.814581
613,taylorwilliam,6)PJ6LqM+B,williamspaula@example.org,(695)341-2033x739,user,2024-03-07 16:05:43.219959
614,zcisneros,O6TvyzeU&g,zharper@example.net,+1-563-800-0008,user,2024-07-01 16:46:39.908157
615,harperkayla,Tl4cvtLh%g,wgonzalez@example.com,816-545-6655x1110,organizer,2024-06-20 22:52:50.534134
616,danielstamara,Zs1TpuYTi^,figueroakatie@example.com,992.749.1500x76393,user,2024-05-27 14:07:24.476106
617,garciabrooke,&t57IB1bGU,albert24@example.org,930-828-5799,user,2024-05-22 18:56:56.788248
618,alexander28,@J0pSRsp5+,davidtucker@example.com,(501)536-8413x3731,user,2024-10-21 05:58:32.241410
619,seth51,4Zj*roMz$9,daniel36@example.org,621-356-1760x1822,user,2024-01-08 16:42:45.302705
620,kylehayes,W6BAqwI+#i,edalton@example.net,001-985-955-8713x41695,user,2024-09-17 17:58:16.092062
621,ejames,@xW&^ZBgk7,jacob12@example.net,639.356.9109x45099,organizer,2024-10-15 10:12:50.992398
622,allenalisha,zaKRTl1O^0,leeapril@example.org,940.418.5685x64403,organizer,2024-04-09 12:36:20.419493
623,stephen81,aBR6nFucP&,vbaker@example.com,515-549-4251x133,user,2024-04-08 02:06:31.702569
624,burnettgarrett,A28ZPbGe&5,dalexander@example.net,739-843-5840x09550,user,2024-07-14 00:52:56.888465
625,tmclaughlin,5#KqP7o0^9,taramartinez@example.org,+1-955-365-2128x54996,user,2024-03-01 16:56:51.148919
626,amy29,*W0kPnwxPX,william22@example.net,573-363-2597x32599,user,2024-09-02 05:27:44.271734
627,richard80,ZuzB%1Pmi9,caldwellmaria@example.net,625.488.8754,user,2024-01-20 21:26:21.841634
628,dtaylor,h(5isYbZo*,carrieluna@example.com,+1-562-665-7958x7612,user,2024-05-24 09:38:57.176388
629,ihinton,A)2IE*tciV,hunter13@example.com,+1-721-438-1797x457,user,2024-09-08 03:48:12.115567
630,michael65,%(q05Mcg^R,kenneth97@example.com,(528)710-2126x4556,user,2024-11-23 08:15:40.420441
631,mschroeder,t(6_6F$mH%,andrea19@example.net,(929)226-1520,user,2024-02-02 11:19:41.533383
632,sandersrandy,&htd9Hsa4d,katrinakennedy@example.net,+1-698-681-0393x04802,organizer,2024-09-30 13:34:21.856928
633,charlottedavis,+FI7t(Xfz3,paulhenry@example.org,(657)508-3120x32547,user,2024-05-07 21:27:35.517781
634,sophia45,)H#GrDg5+3,ywhite@example.net,(310)964-3787,user,2024-08-08 09:20:48.211788
635,carrolllisa,3SB#0F3rk@,brittanyjohnson@example.net,830-963-1642x56249,organizer,2024-03-13 17:55:19.689825
636,julieclayton,*1HR0Fxtu*,christygonzalez@example.org,(235)586-6027,admin,2024-10-21 18:53:13.103215
637,karapatrick,**S_Jag$33,williamsscott@example.net,(667)899-2413,user,2024-02-14 07:36:00.579718
638,donna67,0k6lMJyH)A,longjohn@example.org,2802417378,user,2024-07-05 18:54:54.622798
639,wagnerernest,Cq+5Upxh$&,donnagibson@example.org,834-538-2697,admin,2024-06-13 03:48:19.274933
640,dwest,*l7F*N)gz4,annale@example.org,(476)655-6014x27474,user,2024-04-21 03:03:19.657704
641,gwalker,H_wU2FZgkT,zacharyjacobson@example.org,290-973-9986x345,user,2024-01-04 11:10:24.974241
642,michael27,s+0KyeTwlO,uanderson@example.com,001-981-815-3173x00623,admin,2024-04-09 04:54:28.553480
643,chaneysarah,HLk640&iZ@,andersongregory@example.net,929-708-2807x000,user,2024-03-29 08:13:16.837012
644,mnelson,)uN6Iapgg1,denise54@example.org,+1-878-962-0953,user,2024-02-02 10:58:20.205112
645,mark60,NdArX9QKi&,karacollins@example.com,201-689-6367x5217,organizer,2024-09-26 01:56:51.460009
646,dbush,Ous8mRREG%,lanekara@example.net,(760)254-4188x6197,user,2024-06-25 22:30:53.703096
647,jcross,5lq_d2MoUI,gaillewis@example.net,613.871.1802x58085,user,2024-06-10 04:49:22.198992
648,suzannegill,%!q6bAcHDB,ytran@example.net,(526)752-5338x86589,user,2024-03-18 06:18:34.704681
649,zritter,SFSk%fzy_9,lucasprince@example.com,001-663-503-6129x75467,user,2024-03-29 08:04:50.969446
650,nathan85,+ZKba0yR&8,ibrown@example.org,+1-623-643-2546x93727,user,2024-03-16 17:34:38.874157
651,dustinherrera,0h_ZwiLq@3,kathleengay@example.net,001-370-963-1993x095,user,2024-05-27 20:47:12.528497
652,dbryant,z7J0e&Ss+l,stacy04@example.org,(427)808-1417,organizer,2024-01-05 19:33:33.220844
653,kelseylewis,$ffaKKQ94!,michelle10@example.com,+1-629-395-1003x1686,user,2024-12-01 10:29:01.634622
654,johndoyle,S$2mYx6s%y,andreaevans@example.org,892.557.9182x615,user,2024-02-17 19:03:02.306641
655,shelleyyork,e4YlEYCc@t,theresakelley@example.com,9148636664,user,2024-05-30 20:25:13.894982
656,luis01,iP0Hwzld+H,erica70@example.org,+1-845-242-6831x82159,user,2024-09-26 07:17:16.273655
657,vmarshall,Dc6P@deV0^,christine19@example.com,(446)795-7255x837,organizer,2024-06-12 01:13:19.055273
658,michael15,R)5DCL8jDJ,joelbrown@example.net,9908311811,user,2024-05-26 03:29:49.920531
659,icasey,5p4LQdfS#%,sarahjones@example.org,606-726-4590x703,user,2024-06-26 03:08:51.184418
660,shannon91,zHbO)ATl*7,andrea03@example.com,001-756-306-7389x685,user,2024-02-20 19:29:32.937121
661,navery,5ee3Ngc@w!,xjohnson@example.net,915-622-1462x7646,organizer,2024-11-16 13:12:00.773933
662,anthonysantos,0$P4XwsKX!,batkinson@example.org,(522)207-8103x721,organizer,2024-04-29 04:38:06.756541
663,rachelking,)8fg72Ra)I,sheltonjohnny@example.net,758-585-7680,user,2024-06-27 00:47:43.428748
664,smithmegan,&c(WJhHqs2,yalexander@example.com,+1-616-245-9230x848,user,2024-04-16 11:16:40.717005
665,dbrown,_7Ef%7H+9b,weeksdavid@example.com,001-232-787-0923x840,organizer,2024-04-13 00:40:12.777332
666,angelasingleton,L&7eXEi9tu,susan46@example.org,426-656-8078x6832,user,2024-11-25 02:24:35.976423
667,srogers,^7GN4bTqn+,garciaashley@example.net,8789513571,user,2024-07-26 23:22:32.290141
668,kevin27,(6oMb^0d%%,cabreracharles@example.net,983-209-4912x409,admin,2024-05-28 03:25:19.676858
669,brianluna,n2mUjhEt!h,sburnett@example.org,001-731-872-7597x7214,user,2024-04-16 21:39:27.301131
670,hjohnson,*79+!RpIDW,robertholt@example.com,001-549-889-8912x50269,organizer,2024-01-16 13:04:09.981783
671,rcarter,%5AeIb*Y7u,ycarter@example.org,+1-824-323-8664,user,2024-05-18 01:17:17.783097
672,mossapril,C%0yU0rdUl,laurie61@example.net,2562101456,user,2024-03-11 10:56:48.252497
673,carlos09,_Elkz*PbU3,carriefrey@example.com,233-549-4550,user,2024-10-19 02:35:40.520543
674,markrobles,T#07$PeW)A,shannonfisher@example.org,(410)604-1595x180,user,2024-03-18 01:33:24.667088
675,smithgary,@Y&8Xno$eE,csexton@example.org,(984)710-5554,user,2024-08-02 15:04:01.004241
676,panderson,v9W7XCyG+J,robertyates@example.net,(234)633-9378x911,user,2024-10-11 13:17:23.541684
677,robert54,yZOh+Fs+#7,tracy77@example.org,+1-285-611-4109x865,organizer,2024-06-24 01:39:05.546963
678,ryan06,n)W8%DFh(9,rwright@example.org,001-264-735-1389x93707,organizer,2024-08-13 06:45:41.037392
679,mosleysheila,J!BO4NSc5i,mezatravis@example.net,382.309.4168,user,2024-11-10 06:28:53.475934
680,hughesmichelle,UCBG8NogB#,storres@example.com,001-967-307-7617,user,2024-11-14 06:14:04.821851
681,ashley59,@NBCHkjrp8,schmidttimothy@example.org,001-339-356-3870,user,2024-04-28 19:35:39.000150
682,njohnson,7IR(LVEm*0,kkoch@example.com,491-582-5669x282,user,2024-03-26 20:17:24.112383
683,charlesyoung,v_8KVS7kmS,chloemcclure@example.com,001-815-497-5329,organizer,2024-06-09 16:54:09.375018
684,edwardsjoy,%u^LTRvS4n,walkerheather@example.org,(267)753-5658x7238,user,2024-05-02 23:03:21.933832
685,johnstonmark,$RZPha0zU8,burnsamanda@example.org,758.568.9037x3856,user,2024-07-11 13:00:47.897943
686,justin32,7&9Irj9Kp!,fcowan@example.net,300.370.9938x615,user,2024-07-27 02:11:13.575078
687,ellisjulie,Psy0RwKs$9,xschmitt@example.net,+1-270-446-2045,user,2024-10-07 19:14:58.498400
688,garciamisty,(E$%l5Ng%^,qanderson@example.net,(344)622-5299x49689,user,2024-11-30 03:08:43.173431
689,pagebradley,)is#FUIjR7,cynthia46@example.net,001-780-957-0525x751,user,2024-02-16 22:31:47.765193
690,dannyjohnson,28qOqVnc@4,kimberlyharris@example.com,384.281.4809x20893,organizer,2024-03-22 13:56:37.430017
691,johngeorge,udt6Yd#au^,kristen81@example.com,564.271.7382x808,user,2024-10-11 09:40:41.294336
692,smithdeanna,9mF4e1Ph(X,melissa09@example.net,982.613.7623x807,admin,2024-01-17 03:41:56.879297
693,vwhitehead,^8iGKzuT(i,brendascott@example.com,821-215-6968x96093,organizer,2024-07-21 23:17:55.089652
694,ballarddaniel,*0dOO6SsL2,xpittman@example.org,001-523-337-1681x76875,user,2024-11-04 01:47:38.558049
695,lucas78,$hKF69Qr@S,samantha11@example.com,2417895522,user,2024-06-09 19:17:49.605899
696,hartsandra,+(P$9Q6vaW,uanderson@example.com,472.910.7414x170,user,2024-04-08 00:35:48.783819
697,martinchristina,$+YcZLca3j,gfisher@example.net,935-800-8646,user,2024-04-18 11:38:51.114846
698,erikwhite,#XK9FMo_(L,bryanrodgers@example.com,557.657.9303,user,2024-05-05 15:45:05.709623
699,donna97,G790(MTi@G,perezjohn@example.com,993-266-5560,user,2024-06-29 22:29:45.577480
700,ronaldgreene,PNxn(vsQ@4,johnsonjackie@example.net,383.254.1671x961,user,2024-10-17 01:25:25.730715
701,lloydgrace,2zaLFnx9*d,joseph10@example.com,(240)957-9599x496,admin,2024-02-25 17:37:58.566050
702,michaelbeltran,V7L+%xSp(I,garzahayley@example.com,+1-245-891-9621x137,user,2024-02-04 11:18:41.766044
703,matthewharrison,)7uC9GsD5x,andrearnold@example.net,625-290-6215x95956,user,2024-07-03 09:22:13.849705
704,shelbybaker,U%7sOu@Llo,timothy54@example.net,865-363-0331,admin,2024-04-27 08:35:01.594849
705,frankpeters,e*pS7^Taq2,abbottbrian@example.net,(605)976-9259x85690,organizer,2024-01-20 23:48:57.898509
706,james98,^04AJtt2UR,zhanggabrielle@example.net,675-975-4927x738,user,2024-10-28 08:43:04.613371
707,aluna,1&p+*3Er!s,khanson@example.net,209.769.5494x17114,user,2024-05-04 08:22:41.666461
708,shall,1$tV_HUp%H,smithscott@example.com,2636153717,user,2024-10-12 06:47:48.174743
709,bakerphillip,)R0qvLOs+l,estradaannette@example.net,(684)684-0214,organizer,2024-04-29 16:25:24.435451
710,icampbell,_*3qLGjCoR,armstrongcasey@example.com,866.930.5974,user,2024-09-24 17:08:58.242083
711,ngood,%u0iKCXnA2,anthony17@example.net,001-853-869-9776x77028,user,2024-06-07 01:07:59.099581
712,zlopez,9nRzx@R%#c,davidthomas@example.org,(389)232-3354x7163,admin,2024-08-10 11:34:13.039861
713,ginahenson,$68c3sG%kf,caseyluis@example.org,+1-985-990-7982x79674,user,2024-01-07 23:25:52.006477
714,dmueller,+G*6SDk)b$,jonathananderson@example.org,264-487-5372x18606,admin,2024-02-12 20:14:17.855872
715,sweiss,hf3X*Yu6*@,jcampbell@example.net,+1-244-491-9848,organizer,2024-09-22 05:37:03.498594
716,johnwhite,*8IOcseg8w,kevin23@example.org,+1-722-830-3872x402,user,2024-02-10 00:08:24.218468
717,murillodavid,Zq7N%+Cw_&,robertsonjames@example.org,6766926378,user,2024-08-01 09:00:19.172287
718,brettlee,dfBvOV*^$0,cgraves@example.net,+1-957-345-9680x9014,user,2024-01-05 07:50:05.234012
719,markmiller,&uy6Szf@d@,michaelthornton@example.org,001-806-299-8096x97943,user,2024-11-13 01:59:56.805527
720,kennethwatson,SWl3!9Oe%0,apatterson@example.org,665.777.2442x34170,user,2024-07-08 12:59:36.337626
721,rdavis,Z30bwrWf)&,christophermcclain@example.com,652.507.8653x2701,user,2024-08-26 14:21:45.997245
722,garciadenise,#oP7hev%p0,ryanrita@example.org,813-286-8320x1976,user,2024-09-03 01:39:11.891332
723,annmartinez,&0Twl_DaTw,brianjones@example.org,595-402-6989,user,2024-09-19 08:55:14.407611
724,mistycox,#r^6WrldlZ,gravesgeorge@example.org,(301)588-9000,user,2024-08-05 07:48:49.424628
725,marshallmaria,MEB145owu#,qmay@example.com,273.422.1850,user,2024-08-04 17:36:15.589955
726,choireginald,2zVU_UIo)+,barbara09@example.org,001-769-977-9730x585,user,2024-12-01 08:33:23.298439
727,andrea23,E$4WYbH6^U,kathryn41@example.net,+1-375-285-0803x59664,user,2024-08-07 15:50:49.721416
728,woodchristopher,@6c6DyfEo!,jessicasmith@example.org,836-800-8241,user,2024-01-02 07:25:26.085485
729,jeremy75,1V)C1(VaZM,raymondnichols@example.net,330.237.4698x491,user,2024-04-15 09:06:36.275565
730,harrisdavid,W87R^TmkO^,aryan@example.org,(791)953-9027x3197,user,2024-05-04 12:35:06.503816
731,laurenpena,q^c^k5Kh0B,michelleperkins@example.com,+1-785-764-9987x047,organizer,2024-02-28 13:08:13.487058
732,lsanchez,8kYcj%Uh^K,mcoleman@example.com,432-355-3534,admin,2024-01-27 23:32:49.762913
733,vargascraig,$d6IN@9iJq,hlevy@example.org,635.826.3605x820,organizer,2024-01-16 12:08:49.835826
734,harrisjennifer,@cElmJyPs4,allison32@example.net,335.277.2986,user,2024-01-02 12:35:37.383709
735,ramirezdebra,h1U_$HQm&J,kristin81@example.net,361.244.3144x0856,user,2024-03-22 04:59:10.849967
736,david59,$3FYa#xj9*,christopher91@example.org,463-791-5382,user,2024-09-12 01:28:01.746059
737,cory30,)P29n3Be37,lshannon@example.com,(987)549-5902,organizer,2024-10-14 12:24:13.049736
738,johnthomas,quP*2Jln)4,toddfox@example.net,+1-558-944-0312,user,2024-06-07 00:16:52.859711
739,lmoore,^aU0Gv&Tsh,xmartin@example.org,001-901-662-9070,user,2024-06-22 01:24:16.347033
740,brownjessica,oUJB63to$8,moorealejandro@example.net,5396447631,user,2024-09-09 23:54:17.514748
741,woodskayla,Rv0N#Fdl7#,qmercado@example.org,972-225-4943,user,2024-07-06 18:41:20.561070
742,amy66,J$Q7XOAYat,oconnellisaiah@example.com,904-487-9195,organizer,2024-11-16 11:32:04.043847
743,katelyn51,yy2iAAkr%$,emilyflores@example.net,(209)451-1843x08796,user,2024-04-18 22:49:54.377500
744,jordancesar,!PPbhq*ud0,coxcraig@example.org,758-436-4275,user,2024-08-15 11:01:57.640015
745,espinozalinda,_yH$G4+ZZ3,kylecallahan@example.net,250-448-4425x946,organizer,2024-08-15 06:21:45.435295
746,donnawright,)l#3Ur6h^S,psmith@example.net,+1-881-732-0478x79109,user,2024-07-03 17:11:28.044797
747,sarahgibson,W($Z0W&XYi,estewart@example.net,001-701-358-3460,user,2024-01-22 11:33:01.162718
748,boylebecky,u_S0SDvpK3,nelsonsamuel@example.com,+1-442-765-3220x68861,user,2024-10-02 16:38:19.211640
749,ann26,9B35aApk+^,jasonsantos@example.com,001-594-446-7456x121,user,2024-10-31 19:47:54.939146
750,mark66,$3OvENCxgH,jaredwilliams@example.net,434-247-6562,user,2024-02-24 08:46:11.893072
751,katrina37,OpMY89X1&0,eyoder@example.org,+1-745-275-9629x915,user,2024-08-29 12:03:18.013619
752,pamela61,7_y5&HJ2Ky,lauriemcknight@example.com,235.620.0588,user,2024-05-28 12:51:44.331540
753,christina24,_4X)RyN9Vr,diana74@example.org,001-730-913-9481x3532,user,2024-08-05 22:19:12.634958
754,duranemily,eAD&3CSb+4,graykrista@example.org,001-614-770-9425x35098,organizer,2024-05-25 17:12:50.763294
755,shepherdmarc,o@Z5Y$hhEy,williamsjoseph@example.net,001-331-205-0974x06308,user,2024-07-17 12:09:28.997665
756,chrisvaldez,Pkp9NX9gi*,qwilliams@example.org,+1-620-368-1867,user,2024-11-20 08:50:15.060431
757,cynthiamiller,+dg28HEH6^,salazardawn@example.net,+1-981-632-4319x369,user,2024-05-09 19:02:42.140472
758,gomezbreanna,#5pFR1ilQD,robertbrown@example.net,(271)996-3209,organizer,2024-09-14 13:23:16.112369
759,npayne,56CEG0*y^y,ynelson@example.net,350-268-7362,organizer,2024-03-26 19:29:17.253271
760,patrickerickson,_Y6FhatJj7,donna06@example.org,(679)737-6564,user,2024-04-02 06:44:21.571110
761,shaunfischer,$95CX3aTCn,rstewart@example.com,(606)541-2896,organizer,2024-03-27 00:18:49.671633
762,andersontami,L5MHnJhq%2,boydjulia@example.net,3175529442,user,2024-09-30 19:16:16.850024
763,qmurillo,)Zi2VsU%K5,dianegarcia@example.org,268-693-0922x571,user,2024-11-02 18:39:53.124624
764,donaldsonolivia,)4_D5yZ&m+,rachelstrickland@example.net,(831)897-6707x247,user,2024-05-12 03:01:33.552664
765,rcampbell,)wC6BJoJya,ewashington@example.net,491.693.8075x26342,user,2024-09-13 00:46:19.861743
766,vavila,j&Qd&9Cz9m,douglastammy@example.net,803.955.4781x872,user,2024-10-17 19:26:49.318726
767,davisjohnny,hq^GHh6#&3,ellisthomas@example.net,222-488-8004x71556,user,2024-05-12 18:15:03.785238
768,tylerfernandez,Uui3Y7%y+0,ihamilton@example.com,(250)536-7678,user,2024-03-25 23:11:59.555753
769,awilliams,$gV9KFEvXq,ghernandez@example.net,+1-621-586-2522,user,2024-11-16 21:18:43.901328
770,xwilliams,@(rkLzsE%3,taylorbruce@example.org,864-941-7508,organizer,2024-08-20 07:52:31.751487
771,schneiderjason,_6LPN#uN%x,carterdavid@example.net,831.606.7629x687,user,2024-06-25 00:26:09.627412
772,jasonmiller,$5NRnMiij6,dixonandrew@example.org,446-896-6185x31600,organizer,2024-01-30 06:09:37.250305
773,wcombs,^*lra9Q55p,gjohnson@example.net,746.649.8604,user,2024-11-30 15:26:46.260071
774,fishermatthew,K!9RmvZqrS,bmeyer@example.com,4838861907,user,2024-10-03 23:00:00.729576
775,jenkinsjoel,Qq)z0BXz&P,joshua57@example.org,001-463-788-8031,user,2024-10-21 18:18:52.662276
776,iarnold,@(5X%IwW(y,ybowman@example.com,5353494134,admin,2024-09-13 01:33:56.942564
777,rhardy,^IG*xdI26j,tranjessica@example.org,456.651.1422x571,user,2024-07-02 03:46:56.870815
778,xwest,^rBKB3hq1G,dustin94@example.org,+1-566-244-3059x33587,user,2024-04-04 12:22:23.636290
779,stacey83,#DTr%Xaq%5,james71@example.com,001-564-578-6167,user,2024-11-04 06:24:39.755619
780,michael71,0suXGZMj+0,tinawolf@example.com,991-928-2793x462,user,2024-09-15 00:26:21.501364
781,timothymartinez,V7XblNry$S,anita55@example.com,+1-421-934-7358x530,user,2024-10-28 07:21:03.593745
782,jennifermitchell,S+D_e1ifnB,ddavis@example.net,+1-271-516-2114x962,user,2024-09-25 16:48:21.632596
783,cjohnson,$NZCsI0Q*9,christopherford@example.net,(427)629-7585,user,2024-09-30 04:42:54.348193
784,williamsjeremy,)9sVpCRHS#,jonathanhernandez@example.net,+1-296-218-8585x70887,user,2024-03-04 22:51:01.981345
785,kristinmccormick,%bM8ByTyI8,webbkelsey@example.com,(383)635-5639,user,2024-09-10 00:57:42.883276
786,taylor21,K@r73Kae+w,gentrymonica@example.org,+1-776-937-5354x357,user,2024-01-05 06:00:44.369185
787,braydana,+e4MS1zo6!,pmonroe@example.com,271.461.9894,organizer,2024-06-15 16:01:12.842630
788,aoconnor,ep^!4Sd9^t,onealvictoria@example.org,001-715-484-6384x0141,user,2024-06-09 03:08:13.767226
789,jason87,4+JT93ed2O,david28@example.net,462.326.3846x44460,user,2024-02-27 14:23:39.319811
790,anna07,s@62#T$jC&,hlawson@example.net,001-690-706-5693x3001,admin,2024-01-27 21:39:01.106072
791,qwhite,c9J@heyy&7,hobrooke@example.com,289.576.2204x427,user,2024-02-15 18:51:46.927745
792,sbennett,zh$PNicd%3,sherry39@example.com,+1-477-673-5580x1728,user,2024-02-06 08:57:42.936520
793,kparker,nz!ATc^X&9,lwillis@example.com,559-639-6641x4745,organizer,2024-10-10 10:09:03.993966
794,psutton,tUR6KjSUH*,hunterveronica@example.net,(621)627-8373,user,2024-11-25 04:31:07.261299
795,scummings,2LBoiy7r*@,heathermays@example.com,693-746-9858x212,user,2024-06-28 04:03:25.212905
796,gregorycesar,*r6Ml6Dklz,mhernandez@example.org,+1-921-594-5475x7708,user,2024-02-25 16:00:05.121306
797,teresa22,$4Z$+#^viN,anthonyjacobs@example.org,392-596-9020x5143,user,2024-08-29 05:15:11.805470
798,johnsryan,kj7D+hd2t$,james45@example.com,001-349-789-5095x8954,admin,2024-03-15 16:34:29.329476
799,fryekenneth,R97OZqIT#5,abbottashlee@example.com,612.928.3888,user,2024-04-29 18:54:01.948904
800,evanwilliams,76mK^mph*+,leahbarr@example.org,3805876299,user,2024-03-24 14:16:17.716453
801,sarahlee,*pf71LCic(,glowe@example.com,(733)968-9211,user,2024-08-10 01:54:16.651529
802,qmorgan,6fJ#hcCh#k,christopher59@example.net,246-296-2579x5077,user,2024-11-29 15:01:22.997776
803,kristopherortega,@9IR&JJeb0,jessica68@example.com,(748)630-5543x988,organizer,2024-04-25 10:31:37.701210
804,rodneyramos,x8iczCPc#M,aadams@example.com,+1-418-440-6037x4461,organizer,2024-08-22 19:03:08.652003
805,caitlynrodriguez,$7RGPy3a++,margaret69@example.net,+1-440-935-0762x293,user,2024-04-17 05:11:05.526552
806,warnerdavid,CyQ_8VbB@I,alexis71@example.net,001-317-983-6181x89859,user,2024-07-02 00:16:38.736187
807,inelson,(6Cj!!Sm02,tinaquinn@example.net,(577)320-3771x72679,user,2024-06-21 19:07:27.544112
808,joseph74,UcK0QO$Z9+,nguyenthomas@example.net,258-481-2601,organizer,2024-07-31 04:04:23.330588
809,williamszachary,$gcDkzCe5a,blackjulia@example.org,740-431-5587x65385,user,2024-02-21 20:04:55.899590
810,bradley92,O53El*sU%v,amy26@example.net,648.238.9295x9099,user,2024-06-27 07:18:45.495233
811,fnguyen,Q^w7U2lKSN,brian05@example.net,389.330.7504x87654,user,2024-11-29 04:23:44.629836
812,markrussell,b!72Hu#)#o,howard52@example.com,803-685-0020,organizer,2024-07-16 07:05:38.676678
813,elizabeth44,171LT)ElW&,jacob05@example.org,+1-366-817-7642x959,user,2024-11-09 01:02:07.910206
814,adam40,&2ji*Pmp#F,beckywilliams@example.org,795-446-9362,user,2024-09-25 17:31:35.259274
815,donna83,_0TwDkRXt6,patriciaallen@example.com,001-365-513-8306x3653,user,2024-08-17 08:06:31.465258
816,vhernandez,_3RPa@78PR,ashleyhernandez@example.net,+1-724-543-7290,user,2024-08-16 19:51:26.622805
817,geraldellis,#6^vUb&%F7,brownkaren@example.com,+1-933-527-3524,user,2024-09-03 11:19:06.319884
818,claireflynn,qp825Gxq*1,robert98@example.com,909-353-2704,user,2024-05-04 09:21:22.276100
819,collinsdiane,^Y7TUYb2X7,helen26@example.com,001-783-422-2127,user,2024-10-14 21:00:51.116300
820,kathyjackson,Qaa6K%c_$+,joel90@example.net,680.437.2956,user,2024-10-11 15:41:22.751558
821,fcarey,_1w0YezQ@x,victor16@example.net,+1-662-853-7089,user,2024-03-28 03:18:07.425476
822,oreed,4447)xFbj_,vanessa86@example.net,348-827-4002,user,2024-05-14 01:53:03.101643
823,melissapineda,@81RL9Pv+k,zwiley@example.net,836-690-6595,user,2024-10-28 01:50:30.413910
824,kathleenmarshall,U$6QqUR8Ye,taylor02@example.org,606.375.7215,user,2024-06-22 00:19:20.004641
825,hartjohn,i$YQC0Eh1d,thompsonalyssa@example.org,579.437.4390x96486,user,2024-02-18 19:23:03.777086
826,jessicachen,_9Cpjose)D,deborah28@example.com,702.547.4463x6120,organizer,2024-10-22 10:39:37.023994
827,xgilbert,b)48T4RpRM,thomas43@example.org,293.874.9087,user,2024-08-21 07:21:28.524669
828,imurray,b0pEB9dL!1,cervantesyesenia@example.org,001-856-415-5580x02671,user,2024-08-03 20:07:32.160329
829,cortezsherri,oAl8CwiEC*,paige02@example.org,923-838-2934x0338,user,2024-05-17 12:00:43.494444
830,thompsonalicia,o$8UR3gsLO,richardsonsandra@example.org,666-883-4479x88244,organizer,2024-03-18 16:51:29.084267
831,kevin33,y6YwJpNf^c,gutierrezchristopher@example.com,418-562-4513,user,2024-05-28 04:57:24.470798
832,yatescarol,Q$+8MZpOT9,qsmith@example.com,229.608.5079x251,user,2024-01-28 14:08:51.245033
833,atkinsoncrystal,t*$6L1Cie5,angelalawson@example.net,(840)299-6308,user,2024-04-01 17:37:13.013311
834,deborah45,O9%y1BLx*C,jennifer64@example.org,(857)686-3224,user,2024-03-13 04:51:30.442751
835,jennifer62,_1cAkfCZs8,tina00@example.org,(228)391-4812,user,2024-03-25 15:59:19.237250
836,zwilliams,+Gx(GHd!28,elizabethtorres@example.com,(297)992-9203,user,2024-04-13 05:24:43.876928
837,david06,6kL+obMK&5,kimberlycannon@example.com,+1-329-540-0571x586,organizer,2024-11-04 21:39:18.856210
838,logan39,+6u73!24dQ,csandoval@example.net,001-933-880-9537,user,2024-09-10 20:58:08.373212
839,bmorris,$4CA^VRswm,brianadams@example.net,001-514-312-3612x6560,organizer,2024-07-12 04:38:57.062486
840,mwilson,93sfRg3l#H,cray@example.org,+1-712-544-1255x4390,admin,2024-02-28 22:41:16.356942
841,kylewarner,AN)yMUZd@3,sherrymendoza@example.org,624.719.1278,user,2024-11-19 05:19:21.840356
842,robbinsyvonne,k_Mo+pTc#9,quinnrichard@example.com,258-416-5014x83645,user,2024-10-27 10:34:45.733525
843,jeremy57,%Y4qHzDJh6,erin29@example.com,4899983800,user,2024-06-10 10:43:58.794425
844,martinbrittany,#nGq4vYs)(,joe92@example.com,(312)658-2213x3631,user,2024-10-09 18:19:42.360137
845,doylecynthia,e)5KQTFwD@,danafreeman@example.org,910-405-3200x147,admin,2024-04-02 13:19:01.976594
846,katrinasimon,*d7JYQEop$,ymiller@example.net,479-772-9144,organizer,2024-05-23 15:59:59.522767
847,lewismatthew,9$8*8SmNmo,lawsonjudy@example.org,771-449-8362x92173,user,2024-11-20 04:54:57.560718
848,igill,e@+2Tl&4_n,williammckinney@example.net,616.403.4611x1446,user,2024-06-12 15:40:56.997359
849,phillipsadriana,)CnBn3Xwl6,ashley26@example.com,684.537.7131x64330,user,2024-06-30 19:33:55.997936
850,michaelrichardson,A68OkA$T_S,james50@example.com,001-491-719-5868x786,user,2024-01-23 15:28:05.790017
851,mdouglas,ZA0S+k&F+4,greensarah@example.net,+1-556-274-0968x47493,user,2024-07-30 17:37:46.495241
852,sharon13,)@(Q%6rboH,bhanna@example.com,(860)309-9662,user,2024-11-20 18:34:29.934167
853,jbautista,!q5WZTlOn_,wlee@example.org,639-912-3503x09622,user,2024-10-23 12:42:29.018159
854,seanprice,!FJ7mc)r#3,kathleendaniels@example.net,489-445-2836,organizer,2024-09-16 14:12:15.585280
855,russellmatthew,UFXEfXoe_7,richardponce@example.net,496-764-2923x98113,user,2024-02-12 12:25:23.273997
856,jasondawson,19ySRn9n!l,michelekelly@example.net,+1-428-885-3742,user,2024-02-04 01:34:27.816392
857,michael27,q!5Q*Dzxvu,frances23@example.net,(832)597-0684x8466,user,2024-01-23 02:45:33.609490
858,jpeterson,93D8^9PbH(,denisespencer@example.com,5922183515,user,2024-01-06 21:19:30.896575
859,alexisali,+IGEKLQiH7,vickieking@example.com,(264)406-8516,organizer,2024-09-26 21:05:43.775207
860,ashley17,_QeyEbo@h1,tammymitchell@example.com,(894)770-6842x9881,user,2024-10-19 00:51:04.003385
861,allendavis,@n2#jWnQJ%,cassandrahernandez@example.com,576.933.3337,admin,2024-04-19 16:27:59.908283
862,nnichols,&h+5G$o5TY,sarah81@example.com,562.834.2528,user,2024-09-02 07:48:12.177917
863,kristenstanton,f_#0W8hjEe,bsanchez@example.net,802-628-3832x758,user,2024-03-27 15:25:29.528605
864,thompsonnicole,7eW*UOLp(Q,catherine59@example.net,901.530.9563x917,user,2024-05-26 07:39:55.261238
865,briana51,$6Pd42Tz9z,tanyalambert@example.net,+1-354-317-4196x9699,user,2024-09-10 09:31:18.472849
866,apalmer,b!6UlwS7H!,rebeccaperry@example.org,001-636-416-4684x8062,user,2024-11-02 11:51:08.803174
867,dawn44,3*^_4NOcGj,kellycarr@example.com,(373)301-9519x197,user,2024-02-23 23:51:14.445350
868,lisa00,84IM$GkR&0,scott38@example.org,946-654-2630,admin,2024-03-14 15:04:22.902009
869,gordonchristopher,&2j5xMd#r7,monica97@example.net,406-577-7158,user,2024-05-05 06:08:19.215957
870,bellchristina,ifZ3OQat^*,anthonywilson@example.com,001-766-234-2247x3427,user,2024-01-04 02:50:50.496371
871,jenniferburnett,#6Cadt1Oiu,rickclayton@example.net,001-992-280-4606,user,2024-11-03 08:49:08.779951
872,nealchristina,6KW7!Jpz#_,ljones@example.com,(619)407-3486,user,2024-10-03 13:49:48.313396
873,johnhernandez,BNcWc2Zk+V,gardnerlinda@example.com,309-760-2135x359,organizer,2024-03-22 11:51:16.684850
874,jake13,*23FVFBd(B,pnguyen@example.com,+1-322-995-2017x87636,organizer,2024-11-24 00:08:07.729798
875,edwardmorrow,@WxtV_kU2y,gholder@example.com,630-377-6386,user,2024-11-05 11:51:02.312023
876,harrisonmelissa,+2uSqbW)o0,fgeorge@example.net,753.239.0892,organizer,2024-09-06 06:29:30.888112
877,maryreed,ri6@2M!og$,piercestephen@example.net,(444)200-5488x749,user,2024-05-11 10:08:21.999950
878,hollandkaren,#2SZ#sg@0Q,stephaniebarajas@example.com,001-749-390-0185x20711,user,2024-11-07 22:40:58.007257
879,christinekramer,2q*CgXDa%F,chadbrown@example.net,906-204-7587x950,organizer,2024-08-24 02:30:57.872795
880,stacymcdonald,@0A^%dwg0w,wpayne@example.org,503-759-7950x1202,user,2024-02-20 21:21:31.326087
881,gmueller,5&j)6EmJ5N,justin45@example.net,(556)627-4689x56159,user,2024-08-06 09:37:53.185376
882,yvonne33,P+PYc2MocX,henryeric@example.com,755.708.8775x9098,user,2024-09-11 17:07:59.499993
883,nathanieldavis,J(7Yf!VLT5,sheilaevans@example.net,(803)461-7793x422,user,2024-06-25 20:08:01.206337
884,perezchristine,X*HlS2k_&6,jamesroberts@example.com,+1-866-965-9243x2405,user,2024-07-09 04:50:31.540758
885,fmartin,+jT^%OOd%9,paustin@example.com,(240)759-5012x37344,user,2024-02-20 17:26:15.551466
886,robinbrown,Aj(i7KkrJ#,ramosmelissa@example.com,001-506-475-2978,organizer,2024-09-15 17:29:17.793620
887,stevebowen,UmK4OiGlm$,smithandrew@example.org,434.853.1372x57070,user,2024-05-03 15:33:32.367150
888,melissa95,$8RXt$Rl7f,debbiewilson@example.com,(986)779-1284x724,user,2024-04-04 13:57:06.548520
889,kimberlylong,%asK4sw&2L,jkhan@example.net,+1-465-664-7992x0812,organizer,2024-01-19 20:10:14.192206
890,xwebster,@pMf2uSPh2,jamesbaker@example.com,+1-515-675-7079x066,user,2024-10-27 09:38:59.664423
891,atorres,0n45DkDj&v,hodgeseric@example.net,(536)721-8746x9167,user,2024-09-02 04:56:21.123541
892,nbailey,jKx9!)sD3*,astuart@example.net,+1-750-530-2923,user,2024-08-06 15:19:36.858301
893,joycecook,^1&CPKxgzH,cgross@example.net,210-552-8709x0805,organizer,2024-04-12 09:49:05.377201
894,rachelparks,$3kAM4c*P2,schneiderrachael@example.net,+1-387-667-3784x93938,admin,2024-01-30 19:19:03.096664
895,kellerronald,A7^^N^e++S,staceywatts@example.com,210-472-7651x8968,organizer,2024-02-22 04:21:38.196769
896,jimenezjenny,_xF8MrkcW),cathystrickland@example.org,+1-760-923-8480,organizer,2024-04-25 17:33:48.201038
897,deborahmiller,76UeEwwF^R,jaime67@example.org,592-387-9626,user,2024-02-19 13:12:16.595647
898,kmalone,aEqK3Tuf#V,veronicawilson@example.org,310-797-4430x077,organizer,2024-07-16 13:19:50.161075
899,luis88,gik2cIi&p!,mark67@example.net,547.768.2957x01429,user,2024-07-30 21:56:32.602230
900,dlawson,s9S5yPVg!W,wdavis@example.org,+1-450-643-5558x16659,user,2024-07-17 19:58:59.386142
901,jessica57,kTV0Qzm5(D,zachary73@example.com,001-244-658-6903x817,organizer,2024-01-27 06:27:16.576098
902,heather73,&3PmLGvvep,clairewade@example.com,411.452.3457x4279,organizer,2024-07-22 22:34:32.253316
903,kramerpeter,e(L1MEy_Ul,blynch@example.net,(624)418-9675,user,2024-01-03 18:58:40.627081
904,matthewcrawford,KWV9vQmy^N,mbrewer@example.com,(803)223-5926x90470,user,2024-07-06 14:56:57.727683
905,gregory18,*_v1JxoNl(,sergiojones@example.org,(447)360-1575x2957,admin,2024-08-29 05:20:40.679232
906,heatherburns,(IGN4w4q@7,reynoldserin@example.net,870-862-2759x27821,user,2024-04-04 18:35:40.290823
907,frank64,3F3tUpok9+,samantha49@example.org,001-227-252-3383,user,2024-02-20 14:12:17.894281
908,valeriecalderon,#uk7f2MqaR,brenda61@example.com,(636)682-4180x98911,user,2024-08-25 06:49:13.806627
909,rodriguezjulie,a2SyYNW@&3,evillegas@example.org,7106340576,user,2024-05-10 15:32:30.477342
910,juan24,mFT4VJ2s#3,douglasjames@example.org,+1-689-236-7661,user,2024-10-21 14:14:04.463540
911,wphillips,N*6VejlLnz,millermichelle@example.org,(873)395-7035x416,user,2024-01-06 20:05:34.079056
912,newtonsusan,_S3Zw^5mx%,evelyn26@example.net,694-928-5998,admin,2024-11-16 23:21:23.238131
913,robertbryant,(gg4KGq1DL,burnslinda@example.net,870-719-6292x08259,organizer,2024-05-21 07:55:12.559312
914,wallen,Uu5kXag#&O,david68@example.org,6255728212,user,2024-10-26 08:15:35.904842
915,turnernathaniel,oUGkh+%y(5,rwatkins@example.com,5793296244,user,2024-06-13 02:07:36.268845
916,hzimmerman,k5__YF5p$o,valvarado@example.net,2475714704,admin,2024-05-28 23:38:01.196960
917,kyle03,*sl9Wmr@!X,katie83@example.net,8788536776,user,2024-02-22 19:09:08.983210
918,alexisbrown,+fP3&W8xPD,stewartfaith@example.org,001-589-652-9574x8948,user,2024-11-04 02:56:05.185171
919,dryan,6RzdVE&h*4,brendaperkins@example.net,+1-929-239-9796x565,user,2024-10-09 17:44:33.218329
920,crosbyjohn,$2DWN)o3k8,michael89@example.com,001-914-545-1322x1859,admin,2024-05-20 19:01:01.462647
921,zmullins,HzrV2jBf7*,guerrerojeffrey@example.org,001-982-206-7984x404,user,2024-01-13 12:49:40.198599
922,lori17,#IG2sfrF%9,benjaminhouston@example.org,369-399-8225x85303,organizer,2024-11-14 10:28:52.229906
923,jeffery71,4M8I@bdbc$,raymond65@example.org,001-868-997-4728x2923,organizer,2024-05-15 11:45:19.924357
924,shannon17,%7Db*VAeY5,fisheralexander@example.net,(992)945-0690x636,admin,2024-06-01 10:31:01.740960
925,jessica62,!r0j3HZpeC,stephanieharris@example.com,913.234.2712x23159,admin,2024-06-17 02:16:03.478120
926,jamiejones,)H@g40Uc$C,jamesadams@example.org,507.985.2726x727,user,2024-06-18 21:30:13.146723
927,gina66,3MV1WLmu$U,matthewpotts@example.net,(808)808-7129,user,2024-08-18 05:16:08.803397
928,gsullivan,BeTmY7uv(1,fpearson@example.com,764.507.6579,user,2024-08-10 16:49:54.091991
929,igray,9sD!V5&r)V,mario31@example.com,(508)816-1197x453,user,2024-07-07 20:47:25.821638
930,dianaobrien,+A&6KhEu!o,cindyhenry@example.net,393-416-0269x945,user,2024-07-12 11:17:12.795382
931,meredith30,+qyZtDvB66,jnelson@example.org,+1-987-955-3347x954,user,2024-08-10 08:10:45.031335
932,gonzalezwilliam,gK9M#wt%f$,robertsonlindsay@example.com,(549)443-7741x11889,user,2024-02-05 07:07:01.915843
933,nicolehenderson,dkeWi0Rz&H,kylehouse@example.net,630.939.6499x88950,user,2024-10-17 23:52:00.694468
934,chapmanjohn,Qtl4WZpv(8,alan05@example.org,001-265-406-2410x30371,user,2024-05-11 13:25:02.817000
935,charlenejones,rS#7bDCah7,jacobaustin@example.org,+1-622-951-7539,user,2024-04-02 13:45:20.103279
936,joseph59,*2PbE7)VbO,william95@example.net,784-935-6990x2471,user,2024-05-28 05:27:31.284263
937,ujones,W^ZDk9Gg!o,murphykrista@example.com,910-508-2133x79016,user,2024-10-03 19:22:03.158024
938,xcisneros,%46SLSHoL0,mjones@example.com,001-276-742-4146x373,user,2024-05-13 08:27:23.347497
939,smithanthony,*E7XTx&_#n,michaelwright@example.com,727.704.4388,user,2024-11-06 01:16:12.526676
940,williamskristin,@4wJMvk!@+,vperez@example.org,(627)946-9200x8477,user,2024-05-16 15:58:57.134475
941,dannyhebert,(rs0*QUn4M,keithflynn@example.org,001-977-666-0014,user,2024-09-26 16:27:01.834819
942,elizabeth75,*3Fmj@Oc&t,caitlinsoto@example.net,750-745-9325x6347,user,2024-03-04 21:19:09.528568
943,bbrown,^s)6yOA(q_,taylorgregory@example.net,+1-686-615-8323x82123,organizer,2024-04-08 10:34:04.643267
944,rodriguezmelody,+j2X8D1vqA,duncanevan@example.org,951-646-4097x0410,admin,2024-02-03 07:12:39.259925
945,malonebonnie,Ful(2mPv#@,sloanmario@example.org,447.357.6136x8749,user,2024-02-06 16:39:10.858145
946,natasha64,%UkYDgz6J3,thompsonamanda@example.org,(592)248-4302x4983,user,2024-06-16 17:45:22.882904
947,ofields,HoyG&1c0%9,lauren20@example.org,238-696-0613x6448,user,2024-05-18 15:33:31.548311
948,karenray,1UF*!3Nhs(,cherylweber@example.org,+1-721-264-3359x647,user,2024-12-02 14:03:10.767372
949,pharrell,XhVY8EVq%7,hannah22@example.net,(459)373-1076x9300,user,2024-06-01 15:54:38.478186
950,michaelmullen,)1sif#JkRA,kgraham@example.net,277.391.2200,user,2024-11-03 08:32:02.237875
951,hrangel,y@2VSb7dl6,bethford@example.com,001-429-403-2794,admin,2024-03-26 01:06:51.342526
952,gdunn,6Gn)2V)v&K,morrowjames@example.org,(951)324-1435x536,user,2024-04-04 14:59:22.976108
953,cameron56,Z&1sMRJqdm,whernandez@example.org,418-522-6555,user,2024-04-16 19:27:26.284292
954,gscott,^lJvfd+Es4,riverakeith@example.net,872-511-3183,user,2024-04-14 11:28:27.704449
955,imcclain,vA(7J1aeJV,sanchezmichael@example.net,3888260102,user,2024-06-01 18:25:07.220482
956,gutierrezjane,sOL2Vq(pE(,matthewcastro@example.org,001-751-842-9252x66095,user,2024-03-03 05:21:50.440346
957,erikballard,3w#O03Qgaz,gjohnson@example.net,961.366.5903,organizer,2024-06-21 01:42:41.559011
958,ulewis,&9*0He)PaG,ryan60@example.org,386-659-1703x100,organizer,2024-05-30 10:59:54.190327
959,hortoncarlos,3ktT+Sj##5,sancheztiffany@example.net,001-864-306-0364x87139,user,2024-09-12 22:43:27.312895
960,justin62,5fJ6ENm0)u,kayla16@example.com,001-696-295-4224x954,user,2024-10-31 09:11:27.548032
961,meghanhull,WQ5S!Xf0#(,lisa62@example.net,261-661-2761,organizer,2024-07-15 07:48:10.182235
962,nsmith,3o1x_Sep(Q,tanner96@example.net,(608)359-4010x0987,user,2024-02-27 07:55:03.636076
963,reidshannon,^2$3VtjxN0,ibuck@example.com,974-910-0581,user,2024-10-16 19:25:26.024333
964,kmartinez,*s6lbKgyVO,millercraig@example.net,2138321991,admin,2024-05-12 00:24:25.422462
965,jacqueline34,%eXQvcrX*1,shawn12@example.net,426-647-1336x1453,user,2024-04-06 09:59:53.493726
966,robertreeves,Vo2BUFBOU*,stephenwiggins@example.net,001-882-865-5272x706,user,2024-08-15 10:29:18.791549
967,wbaxter,g1CcvJbv(U,woodsangela@example.org,+1-733-988-1195x904,user,2024-10-07 23:36:27.061908
968,smurphy,pUYnaZoN!9,amber70@example.net,+1-509-603-5820x198,user,2024-03-11 09:57:46.471525
969,eddie96,#^%0VND05q,ashleyfranklin@example.net,001-620-647-1700,user,2024-09-29 03:58:41.755745
970,csmith,2#9DLtPGLg,sanchezrebekah@example.com,+1-484-736-3516x555,user,2024-09-13 23:06:20.266998
971,adamsmadison,vs6_1PwA#^,xsmith@example.com,(306)523-6630x99755,user,2024-02-10 12:37:57.358371
972,uroberts,W3C$15Xyc&,virginia07@example.org,629-900-5686x507,user,2024-03-20 01:30:28.848560
973,ttrujillo,)vN7x9v+X2,cprince@example.net,001-506-796-1702x909,organizer,2024-02-01 02:47:53.209996
974,smithamy,5@7KqhK6aV,brandytorres@example.net,+1-658-562-4216,user,2024-08-25 20:15:45.524257
975,jhernandez,(7kz9DXy!w,gerald61@example.com,001-913-330-3387,user,2024-02-06 23:50:31.910237
976,grant89,iH4W6Rr!^9,jameshenson@example.net,496-503-8642x6697,user,2024-04-19 10:00:31.295980
977,paigecarlson,*5Ou((Mb56,lewisisabel@example.com,(758)274-7019x382,user,2024-04-16 03:22:44.459779
978,whitelaura,K@rZ0Zkd4A,fsimpson@example.org,8276258461,organizer,2024-10-16 06:31:37.898132
979,jillian74,Hj7pIX)m+@,stacy50@example.org,(524)791-9350x88566,user,2024-07-17 13:24:33.568144
980,gwilson,(%Sg7YSpGj,lgray@example.net,809-454-5020,user,2024-09-26 22:51:11.446309
981,ortizsusan,v1WOEez5*Z,hwu@example.com,(899)956-5433x624,user,2024-01-01 21:08:23.454699
982,rhonda68,7hIsKnm4+D,chadrussell@example.com,+1-920-871-3894x077,organizer,2024-10-13 15:52:21.325596
983,camerontimothy,%9XwzUk1hA,devon74@example.net,(312)236-0114x31849,organizer,2024-10-22 21:26:46.022039
984,rmartinez,)vQGrYeM7#,hreynolds@example.org,(791)248-4554x68712,user,2024-09-28 20:44:05.100273
985,matthew82,i3OPVoJ_)b,dvaughn@example.org,302.236.4435x37846,user,2024-01-03 21:28:43.373934
986,vincent30,S9FdfvS8^p,ann36@example.net,924.955.7277x7042,user,2024-11-08 17:58:21.069529
987,johnsonjessica,xY3JAbpr@p,shelbygonzalez@example.com,+1-366-459-1267,user,2024-07-14 04:17:16.384206
988,jonathan29,n03VO7xv((,lowepamela@example.org,(374)973-3692,organizer,2024-04-24 16:09:04.416369
989,john33,%rGzWTLir1,steve27@example.org,001-278-716-9248x95706,user,2024-06-19 17:08:45.635237
990,emily01,Xj22FEg!+b,rachel18@example.com,270-313-0460,user,2024-05-08 14:56:26.981909
991,silvajohn,#S*oEds(+9,dbeasley@example.net,001-247-606-7972,user,2024-08-27 12:55:14.620102
992,scottmiller,iuWR5ogU_8,laurabates@example.net,486-242-8181,organizer,2024-06-03 21:33:41.840611
993,iwise,^w9wQmgO$9,myerscheryl@example.net,779.351.3228,user,2024-03-08 00:06:55.323252
994,ostephens,a^0eq#R%nq,mmorton@example.org,(316)249-6354,user,2024-11-11 00:58:21.446465
995,mitchellkristopher,u%117Tsf1S,matthewwest@example.org,4009603785,organizer,2024-06-04 01:20:21.453350
996,davistimothy,#3Z^+3Ra_Z,suzanne87@example.org,697.643.9393x72114,user,2024-08-18 20:35:58.408592
997,smitheric,61F#&Wnj+a,xreynolds@example.com,+1-550-972-5524x562,user,2024-06-21 16:31:39.790140
998,coopermarissa,VK6U9u_pS_,martinezvirginia@example.net,(577)282-8369x661,user,2024-07-29 09:01:46.826895
999,breannamarshall,19NAOuVs*4,alicia02@example.net,7965816003,user,2024-11-30 13:28:17.265599
